symbolic lead,pad/ball,net (atopile pinout),net (atopile board),net (routed s0),net (routed s1),net (routed s2),net (routed s3)
EN_UVLO,1,EFUSE_EN_UVLO,EFUSE_EN_UVLO,EFUSE_EN_UVLO,EFUSE_EN_UVLO,EFUSE_EN_UVLO,EFUSE_EN_UVLO
ITIMER,10,EFUSE_ITIMER,EFUSE_ITIMER,EFUSE_ITIMER,EFUSE_ITIMER,EFUSE_ITIMER,EFUSE_ITIMER
OVLO,2,EFUSE_OVLO,EFUSE_OVLO,EFUSE_OVLO,EFUSE_OVLO,EFUSE_OVLO,EFUSE_OVLO
PG,3,EFUSE_PG,EFUSE_PG,EFUSE_PG,EFUSE_PG,EFUSE_PG,EFUSE_PG
PGTH,4,EFUSE_PGTH,EFUSE_PGTH,EFUSE_PGTH,EFUSE_PGTH,EFUSE_PGTH,EFUSE_PGTH
IN,5,VIN_5V,VIN_5V,VIN_5V,VIN_5V,VIN_5V,VIN_5V
OUT,6,5V_SYS,5V_SYS,5V_SYS,5V_SYS,5V_SYS,5V_SYS
DVDT,7,EFUSE_DVDT,EFUSE_DVDT,EFUSE_DVDT,EFUSE_DVDT,EFUSE_DVDT,EFUSE_DVDT
GND,8,GND,GND,GND,GND,GND,GND
ILM,9,EFUSE_ILM,EFUSE_ILM,EFUSE_ILM,EFUSE_ILM,EFUSE_ILM,EFUSE_ILM
