# f_ghz,s_TX1.Pb_db,s_TX1.Pb_deg,s_TX1.Pf_db,s_TX1.Pf_deg
54,-18.0847,-7.17808,-1.16523,-157.415
54.025,-18.0723,-7.05624,-1.16361,-157.673
54.05,-18.0597,-6.93565,-1.16202,-157.932
54.075,-18.0468,-6.81631,-1.16044,-158.191
54.1,-18.0336,-6.69826,-1.15889,-158.45
54.125,-18.0203,-6.58151,-1.15736,-158.709
54.15,-18.0067,-6.46609,-1.15584,-158.968
54.175,-17.9929,-6.352,-1.15435,-159.228
54.2,-17.9788,-6.23928,-1.15288,-159.487
54.225,-17.9645,-6.12793,-1.15144,-159.746
54.25,-17.95,-6.01798,-1.15001,-160.006
54.275,-17.9354,-5.90944,-1.1486,-160.265
54.3,-17.9205,-5.80233,-1.14722,-160.525
54.325,-17.9054,-5.69665,-1.14585,-160.785
54.35,-17.8901,-5.59243,-1.14451,-161.044
54.375,-17.8746,-5.48967,-1.14319,-161.304
54.4,-17.8589,-5.38839,-1.14189,-161.564
54.425,-17.843,-5.28859,-1.14061,-161.824
54.45,-17.827,-5.1903,-1.13936,-162.084
54.475,-17.8108,-5.09352,-1.13812,-162.344
54.5,-17.7944,-4.99825,-1.13691,-162.604
54.525,-17.7779,-4.90451,-1.13571,-162.864
54.55,-17.7612,-4.8123,-1.13454,-163.125
54.575,-17.7443,-4.72163,-1.13339,-163.385
54.6,-17.7273,-4.63251,-1.13226,-163.645
54.625,-17.7102,-4.54495,-1.13116,-163.906
54.65,-17.6929,-4.45894,-1.13007,-164.166
54.675,-17.6755,-4.37449,-1.12901,-164.427
54.7,-17.6579,-4.29161,-1.12796,-164.687
54.725,-17.6402,-4.21029,-1.12694,-164.948
54.75,-17.6224,-4.13055,-1.12594,-165.208
54.775,-17.6044,-4.05238,-1.12496,-165.469
54.8,-17.5864,-3.97579,-1.124,-165.729
54.825,-17.5682,-3.90077,-1.12306,-165.99
54.85,-17.5499,-3.82733,-1.12215,-166.251
54.875,-17.5316,-3.75546,-1.12125,-166.512
54.9,-17.5131,-3.68517,-1.12037,-166.773
54.925,-17.4945,-3.61646,-1.11952,-167.033
54.95,-17.4759,-3.54931,-1.11869,-167.294
54.975,-17.4571,-3.48374,-1.11788,-167.555
55,-17.4383,-3.41973,-1.11708,-167.816
55.025,-17.4194,-3.35729,-1.11631,-168.077
55.05,-17.4004,-3.29641,-1.11556,-168.338
55.075,-17.3813,-3.23709,-1.11483,-168.599
55.1,-17.3622,-3.17932,-1.11412,-168.86
55.125,-17.343,-3.1231,-1.11344,-169.121
55.15,-17.3237,-3.06842,-1.11277,-169.382
55.175,-17.3044,-3.01528,-1.11212,-169.643
55.2,-17.285,-2.96368,-1.11149,-169.904
55.225,-17.2656,-2.9136,-1.11088,-170.165
55.25,-17.2461,-2.86504,-1.11029,-170.426
55.275,-17.2266,-2.81799,-1.10973,-170.687
55.3,-17.2071,-2.77245,-1.10918,-170.948
55.325,-17.1875,-2.72841,-1.10865,-171.209
55.35,-17.1679,-2.68586,-1.10814,-171.471
55.375,-17.1482,-2.6448,-1.10765,-171.732
55.4,-17.1285,-2.60521,-1.10718,-171.993
55.425,-17.1088,-2.56709,-1.10673,-172.254
55.45,-17.0891,-2.53042,-1.1063,-172.515
55.475,-17.0693,-2.49521,-1.10589,-172.776
55.5,-17.0496,-2.46144,-1.1055,-173.037
55.525,-17.0298,-2.4291,-1.10512,-173.298
55.55,-17.01,-2.39819,-1.10477,-173.56
55.575,-16.9902,-2.36868,-1.10443,-173.821
55.6,-16.9704,-2.34059,-1.10411,-174.082
55.625,-16.9506,-2.31388,-1.10382,-174.343
55.65,-16.9307,-2.28856,-1.10354,-174.604
55.675,-16.9109,-2.26461,-1.10327,-174.865
55.7,-16.8911,-2.24203,-1.10303,-175.126
55.725,-16.8713,-2.22079,-1.1028,-175.387
55.75,-16.8515,-2.2009,-1.1026,-175.648
55.775,-16.8318,-2.18235,-1.10241,-175.909
55.8,-16.812,-2.16511,-1.10224,-176.17
55.825,-16.7922,-2.14918,-1.10208,-176.431
55.85,-16.7725,-2.13455,-1.10195,-176.692
55.875,-16.7528,-2.12121,-1.10183,-176.953
55.9,-16.7331,-2.10915,-1.10173,-177.214
55.925,-16.7134,-2.09835,-1.10164,-177.475
55.95,-16.6938,-2.08881,-1.10158,-177.736
55.975,-16.6742,-2.08051,-1.10153,-177.997
56,-16.6546,-2.07344,-1.10149,-178.258
56.025,-16.635,-2.06759,-1.10148,-178.519
56.05,-16.6155,-2.06296,-1.10148,-178.78
56.075,-16.596,-2.05952,-1.10149,-179.04
56.1,-16.5766,-2.05726,-1.10153,-179.301
56.125,-16.5572,-2.05618,-1.10158,-179.562
56.15,-16.5378,-2.05626,-1.10164,-179.823
56.175,-16.5185,-2.0575,-1.10173,-180.083
56.2,-16.4992,-2.05987,-1.10182,-180.344
56.225,-16.48,-2.06338,-1.10194,-180.605
56.25,-16.4608,-2.068,-1.10207,-180.865
56.275,-16.4416,-2.07372,-1.10221,-181.126
56.3,-16.4225,-2.08054,-1.10237,-181.386
56.325,-16.4035,-2.08844,-1.10255,-181.647
56.35,-16.3845,-2.09741,-1.10274,-181.907
56.375,-16.3655,-2.10744,-1.10295,-182.168
56.4,-16.3466,-2.11852,-1.10317,-182.428
56.425,-16.3278,-2.13064,-1.1034,-182.689
56.45,-16.309,-2.14378,-1.10365,-182.949
56.475,-16.2903,-2.15793,-1.10392,-183.209
56.5,-16.2716,-2.17309,-1.1042,-183.47
56.525,-16.253,-2.18924,-1.10449,-183.73
56.55,-16.2345,-2.20636,-1.1048,-183.99
56.575,-16.216,-2.22446,-1.10512,-184.25
56.6,-16.1976,-2.24351,-1.10546,-184.51
56.625,-16.1792,-2.26351,-1.10581,-184.771
56.65,-16.1609,-2.28445,-1.10617,-185.031
56.675,-16.1427,-2.3063,-1.10655,-185.291
56.7,-16.1245,-2.32907,-1.10694,-185.551
56.725,-16.1064,-2.35275,-1.10734,-185.811
56.75,-16.0884,-2.37731,-1.10776,-186.07
56.775,-16.0704,-2.40276,-1.10819,-186.33
56.8,-16.0525,-2.42907,-1.10863,-186.59
56.825,-16.0347,-2.45625,-1.10909,-186.85
56.85,-16.0169,-2.48427,-1.10956,-187.11
56.875,-15.9993,-2.51313,-1.11004,-187.369
56.9,-15.9816,-2.54282,-1.11053,-187.629
56.925,-15.9641,-2.57332,-1.11104,-187.889
56.95,-15.9466,-2.60463,-1.11155,-188.148
56.975,-15.9292,-2.63674,-1.11208,-188.408
57,-15.9119,-2.66963,-1.11262,-188.667
57.025,-15.8947,-2.7033,-1.11318,-188.927
57.05,-15.8775,-2.73774,-1.11374,-189.186
57.075,-15.8604,-2.77293,-1.11432,-189.445
57.1,-15.8434,-2.80886,-1.11491,-189.705
57.125,-15.8264,-2.84554,-1.11551,-189.964
57.15,-15.8095,-2.88294,-1.11612,-190.223
57.175,-15.7928,-2.92105,-1.11674,-190.482
57.2,-15.776,-2.95988,-1.11737,-190.741
57.225,-15.7594,-2.9994,-1.11801,-191
57.25,-15.7428,-3.0396,-1.11866,-191.259
57.275,-15.7263,-3.08049,-1.11933,-191.518
57.3,-15.7099,-3.12205,-1.12,-191.777
57.325,-15.6936,-3.16426,-1.12069,-192.036
57.35,-15.6774,-3.20713,-1.12138,-192.295
57.375,-15.6612,-3.25064,-1.12209,-192.553
57.4,-15.6451,-3.29478,-1.1228,-192.812
57.425,-15.6291,-3.33955,-1.12353,-193.071
57.45,-15.6132,-3.38493,-1.12426,-193.329
57.475,-15.5973,-3.43091,-1.125,-193.588
57.5,-15.5815,-3.47749,-1.12576,-193.846
57.525,-15.5658,-3.52467,-1.12652,-194.105
57.55,-15.5502,-3.57242,-1.12729,-194.363
57.575,-15.5347,-3.62074,-1.12807,-194.622
57.6,-15.5193,-3.66963,-1.12886,-194.88
57.625,-15.5039,-3.71907,-1.12966,-195.138
57.65,-15.4886,-3.76906,-1.13047,-195.396
57.675,-15.4734,-3.81959,-1.13128,-195.654
57.7,-15.4583,-3.87065,-1.13211,-195.913
57.725,-15.4432,-3.92223,-1.13294,-196.171
57.75,-15.4282,-3.97432,-1.13378,-196.429
57.775,-15.4134,-4.02692,-1.13463,-196.686
57.8,-15.3986,-4.08002,-1.13548,-196.944
57.825,-15.3838,-4.13361,-1.13635,-197.202
57.85,-15.3692,-4.18769,-1.13722,-197.46
57.875,-15.3546,-4.24224,-1.1381,-197.718
57.9,-15.3402,-4.29726,-1.13899,-197.975
57.925,-15.3258,-4.35274,-1.13988,-198.233
57.95,-15.3114,-4.40867,-1.14079,-198.49
57.975,-15.2972,-4.46505,-1.1417,-198.748
58,-15.2831,-4.52187,-1.14261,-199.005
58.025,-15.269,-4.57912,-1.14354,-199.263
58.05,-15.255,-4.6368,-1.14447,-199.52
58.075,-15.2411,-4.69489,-1.1454,-199.778
58.1,-15.2272,-4.75339,-1.14635,-200.035
58.125,-15.2135,-4.8123,-1.1473,-200.292
58.15,-15.1998,-4.87161,-1.14826,-200.549
58.175,-15.1862,-4.93131,-1.14922,-200.806
58.2,-15.1727,-4.99139,-1.15019,-201.063
58.225,-15.1593,-5.05184,-1.15116,-201.32
58.25,-15.1459,-5.11267,-1.15215,-201.577
58.275,-15.1327,-5.17387,-1.15313,-201.834
58.3,-15.1195,-5.23542,-1.15413,-202.091
58.325,-15.1063,-5.29732,-1.15513,-202.348
58.35,-15.0933,-5.35957,-1.15613,-202.604
58.375,-15.0803,-5.42216,-1.15714,-202.861
58.4,-15.0675,-5.48508,-1.15816,-203.118
58.425,-15.0547,-5.54833,-1.15918,-203.374
58.45,-15.042,-5.6119,-1.1602,-203.631
58.475,-15.0293,-5.67578,-1.16124,-203.887
58.5,-15.0167,-5.73998,-1.16227,-204.143
58.525,-15.0043,-5.80447,-1.16331,-204.4
58.55,-14.9918,-5.86927,-1.16436,-204.656
58.575,-14.9795,-5.93436,-1.16541,-204.912
58.6,-14.9673,-5.99973,-1.16647,-205.169
58.625,-14.9551,-6.06538,-1.16753,-205.425
58.65,-14.943,-6.13131,-1.16859,-205.681
58.675,-14.931,-6.19751,-1.16966,-205.937
58.7,-14.919,-6.26398,-1.17073,-206.193
58.725,-14.9071,-6.3307,-1.17181,-206.449
58.75,-14.8953,-6.39768,-1.17289,-206.705
58.775,-14.8836,-6.4649,-1.17398,-206.961
58.8,-14.872,-6.53237,-1.17506,-207.216
58.825,-14.8604,-6.60008,-1.17616,-207.472
58.85,-14.8489,-6.66802,-1.17725,-207.728
58.875,-14.8375,-6.73619,-1.17835,-207.983
58.9,-14.8261,-6.80459,-1.17946,-208.239
58.925,-14.8149,-6.8732,-1.18056,-208.494
58.95,-14.8037,-6.94202,-1.18168,-208.75
58.975,-14.7925,-7.01106,-1.18279,-209.005
59,-14.7815,-7.08029,-1.18391,-209.261
59.025,-14.7705,-7.14973,-1.18503,-209.516
59.05,-14.7596,-7.21936,-1.18615,-209.771
59.075,-14.7488,-7.28918,-1.18727,-210.027
59.1,-14.738,-7.35919,-1.1884,-210.282
59.125,-14.7273,-7.42938,-1.18954,-210.537
59.15,-14.7167,-7.49975,-1.19067,-210.792
59.175,-14.7061,-7.57028,-1.19181,-211.047
59.2,-14.6957,-7.64099,-1.19295,-211.302
59.225,-14.6852,-7.71186,-1.19409,-211.557
59.25,-14.6749,-7.78289,-1.19523,-211.812
59.275,-14.6646,-7.85407,-1.19638,-212.067
59.3,-14.6544,-7.9254,-1.19753,-212.322
59.325,-14.6443,-7.99688,-1.19868,-212.577
59.35,-14.6342,-8.06851,-1.19983,-212.831
59.375,-14.6243,-8.14027,-1.20098,-213.086
59.4,-14.6143,-8.21217,-1.20214,-213.341
59.425,-14.6045,-8.2842,-1.2033,-213.595
59.45,-14.5947,-8.35635,-1.20446,-213.85
59.475,-14.585,-8.42863,-1.20562,-214.104
59.5,-14.5753,-8.50102,-1.20679,-214.359
59.525,-14.5657,-8.57354,-1.20795,-214.613
59.55,-14.5562,-8.64616,-1.20912,-214.867
59.575,-14.5468,-8.71889,-1.21028,-215.122
59.6,-14.5374,-8.79173,-1.21145,-215.376
59.625,-14.528,-8.86467,-1.21262,-215.63
59.65,-14.5188,-8.9377,-1.2138,-215.884
59.675,-14.5096,-9.01083,-1.21497,-216.139
59.7,-14.5005,-9.08404,-1.21614,-216.393
59.725,-14.4914,-9.15735,-1.21732,-216.647
59.75,-14.4824,-9.23074,-1.21849,-216.901
59.775,-14.4735,-9.3042,-1.21967,-217.155
59.8,-14.4646,-9.37775,-1.22085,-217.409
59.825,-14.4558,-9.45136,-1.22202,-217.663
59.85,-14.447,-9.52505,-1.2232,-217.916
59.875,-14.4384,-9.5988,-1.22438,-218.17
59.9,-14.4297,-9.67262,-1.22556,-218.424
59.925,-14.4212,-9.74649,-1.22674,-218.678
59.95,-14.4127,-9.82043,-1.22792,-218.931
59.975,-14.4042,-9.89441,-1.2291,-219.185
60,-14.3958,-9.96845,-1.23029,-219.439
60.025,-14.3875,-10.0425,-1.23147,-219.692
60.05,-14.3793,-10.1167,-1.23265,-219.946
60.075,-14.3711,-10.1908,-1.23383,-220.199
60.1,-14.3629,-10.265,-1.23501,-220.453
60.125,-14.3548,-10.3393,-1.2362,-220.706
60.15,-14.3468,-10.4136,-1.23738,-220.96
60.175,-14.3388,-10.4879,-1.23856,-221.213
60.2,-14.3309,-10.5622,-1.23974,-221.466
60.225,-14.3231,-10.6366,-1.24092,-221.72
60.25,-14.3153,-10.711,-1.2421,-221.973
60.275,-14.3076,-10.7854,-1.24328,-222.226
60.3,-14.2999,-10.8598,-1.24447,-222.479
60.325,-14.2923,-10.9342,-1.24565,-222.732
60.35,-14.2847,-11.0087,-1.24682,-222.985
60.375,-14.2772,-11.0831,-1.248,-223.239
60.4,-14.2697,-11.1576,-1.24918,-223.492
60.425,-14.2623,-11.232,-1.25036,-223.745
60.45,-14.255,-11.3065,-1.25154,-223.998
60.475,-14.2477,-11.381,-1.25271,-224.25
60.5,-14.2404,-11.4554,-1.25389,-224.503
60.525,-14.2332,-11.5299,-1.25507,-224.756
60.55,-14.2261,-11.6043,-1.25624,-225.009
60.575,-14.219,-11.6788,-1.25741,-225.262
60.6,-14.212,-11.7532,-1.25859,-225.515
60.625,-14.205,-11.8276,-1.25976,-225.767
60.65,-14.1981,-11.902,-1.26093,-226.02
60.675,-14.1912,-11.9763,-1.2621,-226.273
60.7,-14.1844,-12.0507,-1.26327,-226.526
60.725,-14.1776,-12.125,-1.26443,-226.778
60.75,-14.1709,-12.1993,-1.2656,-227.031
60.775,-14.1642,-12.2735,-1.26676,-227.283
60.8,-14.1576,-12.3478,-1.26793,-227.536
60.825,-14.151,-12.4219,-1.26909,-227.788
60.85,-14.1444,-12.4961,-1.27025,-228.041
60.875,-14.138,-12.5702,-1.27141,-228.293
60.9,-14.1315,-12.6443,-1.27257,-228.546
60.925,-14.1251,-12.7183,-1.27372,-228.798
60.95,-14.1188,-12.7923,-1.27488,-229.051
60.975,-14.1125,-12.8663,-1.27603,-229.303
61,-14.1063,-12.9402,-1.27719,-229.555
61.025,-14.1001,-13.014,-1.27834,-229.808
61.05,-14.0939,-13.0878,-1.27949,-230.06
61.075,-14.0878,-13.1616,-1.28063,-230.312
61.1,-14.0817,-13.2353,-1.28178,-230.564
61.125,-14.0757,-13.3089,-1.28292,-230.817
61.15,-14.0698,-13.3825,-1.28406,-231.069
61.175,-14.0638,-13.456,-1.28521,-231.321
61.2,-14.0579,-13.5294,-1.28634,-231.573
61.225,-14.0521,-13.6028,-1.28748,-231.825
61.25,-14.0463,-13.6761,-1.28862,-232.077
61.275,-14.0405,-13.7494,-1.28975,-232.329
61.3,-14.0348,-13.8226,-1.29088,-232.581
61.325,-14.0292,-13.8957,-1.29201,-232.834
61.35,-14.0235,-13.9687,-1.29314,-233.086
61.375,-14.0179,-14.0417,-1.29426,-233.338
61.4,-14.0124,-14.1146,-1.29539,-233.59
61.425,-14.0069,-14.1874,-1.29651,-233.841
61.45,-14.0014,-14.2601,-1.29763,-234.093
61.475,-13.996,-14.3328,-1.29874,-234.345
61.5,-13.9906,-14.4053,-1.29986,-234.597
61.525,-13.9852,-14.4778,-1.30097,-234.849
61.55,-13.9799,-14.5502,-1.30208,-235.101
61.575,-13.9747,-14.6225,-1.30319,-235.353
61.6,-13.9694,-14.6947,-1.3043,-235.605
61.625,-13.9642,-14.7669,-1.3054,-235.857
61.65,-13.9591,-14.8389,-1.30651,-236.108
61.675,-13.9539,-14.9109,-1.30761,-236.36
61.7,-13.9489,-14.9827,-1.30871,-236.612
61.725,-13.9438,-15.0545,-1.3098,-236.864
61.75,-13.9388,-15.1261,-1.31089,-237.115
61.775,-13.9338,-15.1977,-1.31199,-237.367
61.8,-13.9289,-15.2692,-1.31307,-237.619
61.825,-13.924,-15.3405,-1.31416,-237.871
61.85,-13.9191,-15.4118,-1.31525,-238.122
61.875,-13.9142,-15.483,-1.31633,-238.374
61.9,-13.9094,-15.554,-1.31741,-238.626
61.925,-13.9047,-15.625,-1.31848,-238.877
61.95,-13.8999,-15.6958,-1.31956,-239.129
61.975,-13.8952,-15.7665,-1.32063,-239.381
62,-13.8905,-15.8372,-1.3217,-239.632
62.025,-13.8859,-15.9077,-1.32277,-239.884
62.05,-13.8813,-15.9781,-1.32383,-240.136
62.075,-13.8767,-16.0484,-1.3249,-240.387
62.1,-13.8722,-16.1186,-1.32596,-240.639
62.125,-13.8676,-16.1886,-1.32701,-240.89
62.15,-13.8631,-16.2586,-1.32807,-241.142
62.175,-13.8587,-16.3284,-1.32912,-241.394
62.2,-13.8543,-16.3981,-1.33017,-241.645
62.225,-13.8499,-16.4677,-1.33122,-241.897
62.25,-13.8455,-16.5372,-1.33227,-242.148
62.275,-13.8411,-16.6066,-1.33331,-242.4
62.3,-13.8368,-16.6758,-1.33435,-242.651
62.325,-13.8325,-16.7449,-1.33539,-242.903
62.35,-13.8283,-16.8139,-1.33643,-243.155
62.375,-13.824,-16.8828,-1.33746,-243.406
62.4,-13.8198,-16.9516,-1.33849,-243.658
62.425,-13.8157,-17.0202,-1.33952,-243.909
62.45,-13.8115,-17.0887,-1.34054,-244.161
62.475,-13.8074,-17.157,-1.34157,-244.412
62.5,-13.8033,-17.2253,-1.34259,-244.664
62.525,-13.7992,-17.2934,-1.34361,-244.915
62.55,-13.7951,-17.3614,-1.34462,-245.167
62.575,-13.7911,-17.4292,-1.34564,-245.418
62.6,-13.7871,-17.4969,-1.34665,-245.67
62.625,-13.7831,-17.5645,-1.34766,-245.921
62.65,-13.7792,-17.632,-1.34866,-246.173
62.675,-13.7752,-17.6993,-1.34967,-246.424
62.7,-13.7713,-17.7665,-1.35067,-246.676
62.725,-13.7674,-17.8336,-1.35167,-246.927
62.75,-13.7635,-17.9005,-1.35266,-247.179
62.775,-13.7597,-17.9673,-1.35366,-247.43
62.8,-13.7559,-18.0339,-1.35465,-247.682
62.825,-13.7521,-18.1004,-1.35564,-247.933
62.85,-13.7483,-18.1668,-1.35663,-248.185
62.875,-13.7445,-18.2331,-1.35761,-248.436
62.9,-13.7408,-18.2992,-1.35859,-248.688
62.925,-13.737,-18.3651,-1.35957,-248.94
62.95,-13.7333,-18.431,-1.36055,-249.191
62.975,-13.7296,-18.4966,-1.36153,-249.443
63,-13.7259,-18.5622,-1.3625,-249.694
63.025,-13.7223,-18.6276,-1.36347,-249.946
63.05,-13.7187,-18.6929,-1.36444,-250.197
63.075,-13.715,-18.758,-1.3654,-250.449
63.1,-13.7114,-18.823,-1.36637,-250.7
63.125,-13.7078,-18.8878,-1.36733,-250.952
63.15,-13.7043,-18.9525,-1.36829,-251.204
63.175,-13.7007,-19.0171,-1.36924,-251.455
63.2,-13.6972,-19.0815,-1.3702,-251.707
63.225,-13.6936,-19.1458,-1.37115,-251.958
63.25,-13.6901,-19.2099,-1.3721,-252.21
63.275,-13.6866,-19.2739,-1.37305,-252.462
63.3,-13.6831,-19.3377,-1.374,-252.713
63.325,-13.6797,-19.4014,-1.37494,-252.965
63.35,-13.6762,-19.465,-1.37588,-253.217
63.375,-13.6728,-19.5284,-1.37682,-253.468
63.4,-13.6693,-19.5917,-1.37776,-253.72
63.425,-13.6659,-19.6548,-1.37869,-253.972
63.45,-13.6625,-19.7178,-1.37963,-254.223
63.475,-13.6591,-19.7806,-1.38056,-254.475
63.5,-13.6557,-19.8433,-1.38149,-254.727
63.525,-13.6523,-19.9058,-1.38242,-254.979
63.55,-13.649,-19.9682,-1.38334,-255.23
63.575,-13.6456,-20.0305,-1.38427,-255.482
63.6,-13.6423,-20.0926,-1.38519,-255.734
63.625,-13.6389,-20.1546,-1.38611,-255.986
63.65,-13.6356,-20.2164,-1.38703,-256.237
63.675,-13.6323,-20.2781,-1.38794,-256.489
63.7,-13.629,-20.3396,-1.38886,-256.741
63.725,-13.6257,-20.401,-1.38977,-256.993
63.75,-13.6224,-20.4622,-1.39068,-257.245
63.775,-13.6191,-20.5234,-1.39159,-257.497
63.8,-13.6158,-20.5843,-1.3925,-257.749
63.825,-13.6125,-20.6451,-1.39341,-258.001
63.85,-13.6092,-20.7058,-1.39431,-258.252
63.875,-13.606,-20.7663,-1.39522,-258.504
63.9,-13.6027,-20.8267,-1.39612,-258.756
63.925,-13.5994,-20.887,-1.39702,-259.008
63.95,-13.5962,-20.9471,-1.39792,-259.26
63.975,-13.593,-21.007,-1.39881,-259.512
64,-13.5897,-21.0669,-1.39971,-259.764
64.025,-13.5865,-21.1265,-1.4006,-260.016
64.05,-13.5832,-21.1861,-1.4015,-260.269
64.075,-13.58,-21.2455,-1.40239,-260.521
64.1,-13.5768,-21.3047,-1.40328,-260.773
64.125,-13.5735,-21.3638,-1.40417,-261.025
64.15,-13.5703,-21.4228,-1.40506,-261.277
64.175,-13.5671,-21.4817,-1.40594,-261.529
64.2,-13.5639,-21.5404,-1.40683,-261.781
64.225,-13.5606,-21.5989,-1.40771,-262.034
64.25,-13.5574,-21.6573,-1.4086,-262.286
64.275,-13.5542,-21.7156,-1.40948,-262.538
64.3,-13.551,-21.7738,-1.41036,-262.79
64.325,-13.5478,-21.8318,-1.41124,-263.043
64.35,-13.5445,-21.8897,-1.41212,-263.295
64.375,-13.5413,-21.9474,-1.413,-263.547
64.4,-13.5381,-22.0051,-1.41388,-263.8
64.425,-13.5349,-22.0625,-1.41476,-264.052
64.45,-13.5316,-22.1199,-1.41563,-264.304
64.475,-13.5284,-22.1771,-1.41651,-264.557
64.5,-13.5252,-22.2342,-1.41738,-264.809
64.525,-13.5219,-22.2911,-1.41826,-265.062
64.55,-13.5187,-22.348,-1.41913,-265.314
64.575,-13.5154,-22.4047,-1.42001,-265.567
64.6,-13.5122,-22.4612,-1.42088,-265.819
64.625,-13.5089,-22.5177,-1.42175,-266.072
64.65,-13.5057,-22.574,-1.42263,-266.325
64.675,-13.5024,-22.6302,-1.4235,-266.577
64.7,-13.4991,-22.6863,-1.42437,-266.83
64.725,-13.4959,-22.7422,-1.42524,-267.082
64.75,-13.4926,-22.798,-1.42611,-267.335
64.775,-13.4893,-22.8537,-1.42698,-267.588
64.8,-13.486,-22.9093,-1.42785,-267.841
64.825,-13.4827,-22.9648,-1.42872,-268.093
64.85,-13.4794,-23.0201,-1.4296,-268.346
64.875,-13.4761,-23.0753,-1.43047,-268.599
64.9,-13.4727,-23.1304,-1.43134,-268.852
64.925,-13.4694,-23.1854,-1.43221,-269.105
64.95,-13.4661,-23.2403,-1.43308,-269.358
64.975,-13.4627,-23.2951,-1.43395,-269.611
65,-13.4593,-23.3497,-1.43482,-269.864
65.025,-13.456,-23.4043,-1.43569,-270.117
65.05,-13.4526,-23.4587,-1.43657,-270.37
65.075,-13.4492,-23.513,-1.43744,-270.623
65.1,-13.4458,-23.5673,-1.43831,-270.876
65.125,-13.4424,-23.6214,-1.43919,-271.129
65.15,-13.439,-23.6754,-1.44006,-271.382
65.175,-13.4355,-23.7293,-1.44094,-271.635
65.2,-13.4321,-23.7831,-1.44181,-271.888
65.225,-13.4286,-23.8368,-1.44269,-272.142
65.25,-13.4251,-23.8904,-1.44357,-272.395
65.275,-13.4217,-23.9439,-1.44445,-272.648
65.3,-13.4182,-23.9973,-1.44533,-272.902
65.325,-13.4147,-24.0506,-1.44621,-273.155
65.35,-13.4111,-24.1038,-1.44709,-273.408
65.375,-13.4076,-24.1569,-1.44797,-273.662
65.4,-13.4041,-24.21,-1.44885,-273.915
65.425,-13.4005,-24.2629,-1.44974,-274.169
65.45,-13.3969,-24.3158,-1.45062,-274.422
65.475,-13.3933,-24.3686,-1.45151,-274.676
65.5,-13.3897,-24.4212,-1.4524,-274.929
65.525,-13.3861,-24.4739,-1.45329,-275.183
65.55,-13.3824,-24.5264,-1.45418,-275.436
65.575,-13.3788,-24.5788,-1.45507,-275.69
65.6,-13.3751,-24.6312,-1.45597,-275.944
65.625,-13.3714,-24.6835,-1.45686,-276.197
65.65,-13.3677,-24.7357,-1.45776,-276.451
65.675,-13.364,-24.7878,-1.45866,-276.705
65.7,-13.3603,-24.8399,-1.45956,-276.959
65.725,-13.3565,-24.8919,-1.46047,-277.213
65.75,-13.3527,-24.9438,-1.46137,-277.466
65.775,-13.3489,-24.9957,-1.46228,-277.72
65.8,-13.3451,-25.0475,-1.46319,-277.974
65.825,-13.3413,-25.0992,-1.4641,-278.228
65.85,-13.3375,-25.1509,-1.46502,-278.482
65.875,-13.3336,-25.2025,-1.46593,-278.736
65.9,-13.3297,-25.2541,-1.46685,-278.99
65.925,-13.3258,-25.3056,-1.46777,-279.244
65.95,-13.3219,-25.3571,-1.4687,-279.499
65.975,-13.3179,-25.4085,-1.46962,-279.753
66,-13.314,-25.4598,-1.47055,-280.007
66.025,-13.31,-25.5112,-1.47148,-280.261
66.05,-13.306,-25.5624,-1.47242,-280.515
66.075,-13.302,-25.6136,-1.47335,-280.77
66.1,-13.2979,-25.6648,-1.47429,-281.024
66.125,-13.2939,-25.716,-1.47524,-281.278
66.15,-13.2898,-25.7671,-1.47618,-281.533
66.175,-13.2857,-25.8181,-1.47713,-281.787
66.2,-13.2815,-25.8692,-1.47808,-282.041
66.225,-13.2774,-25.9202,-1.47904,-282.296
66.25,-13.2732,-25.9712,-1.48,-282.55
66.275,-13.269,-26.0221,-1.48096,-282.805
66.3,-13.2648,-26.0731,-1.48192,-283.059
66.325,-13.2606,-26.124,-1.48289,-283.314
66.35,-13.2563,-26.1749,-1.48386,-283.569
66.375,-13.252,-26.2257,-1.48484,-283.823
66.4,-13.2477,-26.2766,-1.48582,-284.078
66.425,-13.2434,-26.3274,-1.4868,-284.333
66.45,-13.239,-26.3783,-1.48779,-284.587
66.475,-13.2346,-26.4291,-1.48878,-284.842
66.5,-13.2302,-26.4799,-1.48977,-285.097
66.525,-13.2258,-26.5307,-1.49077,-285.352
66.55,-13.2214,-26.5815,-1.49177,-285.607
66.575,-13.2169,-26.6324,-1.49278,-285.862
66.6,-13.2124,-26.6832,-1.49379,-286.117
66.625,-13.2079,-26.734,-1.4948,-286.372
66.65,-13.2033,-26.7848,-1.49582,-286.627
66.675,-13.1987,-26.8357,-1.49684,-286.882
66.7,-13.1941,-26.8865,-1.49787,-287.137
66.725,-13.1895,-26.9374,-1.4989,-287.392
66.75,-13.1849,-26.9883,-1.49994,-287.647
66.775,-13.1802,-27.0392,-1.50098,-287.902
66.8,-13.1755,-27.0901,-1.50202,-288.157
66.825,-13.1708,-27.1411,-1.50308,-288.412
66.85,-13.1661,-27.1921,-1.50413,-288.667
66.875,-13.1613,-27.2431,-1.50519,-288.923
66.9,-13.1565,-27.2942,-1.50626,-289.178
66.925,-13.1517,-27.3452,-1.50733,-289.433
66.95,-13.1468,-27.3964,-1.5084,-289.689
66.975,-13.142,-27.4475,-1.50948,-289.944
67,-13.1371,-27.4987,-1.51057,-290.199
67.025,-13.1321,-27.55,-1.51166,-290.455
67.05,-13.1272,-27.6013,-1.51275,-290.71
67.075,-13.1222,-27.6526,-1.51386,-290.966
67.1,-13.1172,-27.704,-1.51496,-291.221
67.125,-13.1122,-27.7555,-1.51607,-291.477
67.15,-13.1071,-27.807,-1.51719,-291.732
67.175,-13.1021,-27.8586,-1.51832,-291.988
67.2,-13.097,-27.9102,-1.51945,-292.243
67.225,-13.0918,-27.962,-1.52058,-292.499
67.25,-13.0867,-28.0137,-1.52172,-292.755
67.275,-13.0815,-28.0656,-1.52287,-293.01
67.3,-13.0763,-28.1175,-1.52402,-293.266
67.325,-13.0711,-28.1695,-1.52518,-293.522
67.35,-13.0658,-28.2216,-1.52635,-293.777
67.375,-13.0605,-28.2738,-1.52752,-294.033
67.4,-13.0552,-28.326,-1.52869,-294.289
67.425,-13.0499,-28.3783,-1.52988,-294.545
67.45,-13.0445,-28.4308,-1.53107,-294.801
67.475,-13.0391,-28.4833,-1.53226,-295.056
67.5,-13.0337,-28.5359,-1.53346,-295.312
67.525,-13.0283,-28.5886,-1.53467,-295.568
67.55,-13.0228,-28.6414,-1.53589,-295.824
67.575,-13.0173,-28.6943,-1.53711,-296.08
67.6,-13.0118,-28.7474,-1.53834,-296.336
67.625,-13.0063,-28.8005,-1.53957,-296.592
67.65,-13.0007,-28.8537,-1.54082,-296.848
67.675,-12.9951,-28.9071,-1.54207,-297.104
67.7,-12.9895,-28.9606,-1.54332,-297.36
67.725,-12.9839,-29.0142,-1.54458,-297.616
67.75,-12.9782,-29.0679,-1.54585,-297.872
67.775,-12.9725,-29.1217,-1.54713,-298.128
67.8,-12.9668,-29.1757,-1.54841,-298.384
67.825,-12.961,-29.2298,-1.54971,-298.64
67.85,-12.9553,-29.284,-1.551,-298.896
67.875,-12.9495,-29.3384,-1.55231,-299.153
67.9,-12.9437,-29.3929,-1.55362,-299.409
67.925,-12.9378,-29.4475,-1.55494,-299.665
67.95,-12.932,-29.5023,-1.55627,-299.921
67.975,-12.9261,-29.5572,-1.5576,-300.177
68,-12.9202,-29.6123,-1.55894,-300.433
68.025,-12.9143,-29.6675,-1.56029,-300.69
68.05,-12.9083,-29.7229,-1.56165,-300.946
68.075,-12.9023,-29.7784,-1.56301,-301.202
68.1,-12.8963,-29.8341,-1.56439,-301.458
68.125,-12.8903,-29.89,-1.56577,-301.715
68.15,-12.8843,-29.946,-1.56715,-301.971
68.175,-12.8782,-30.0022,-1.56855,-302.227
68.2,-12.8721,-30.0585,-1.56995,-302.483
68.225,-12.866,-30.115,-1.57136,-302.74
68.25,-12.8599,-30.1717,-1.57278,-302.996
68.275,-12.8537,-30.2286,-1.57421,-303.252
68.3,-12.8475,-30.2856,-1.57564,-303.509
68.325,-12.8413,-30.3429,-1.57708,-303.765
68.35,-12.8351,-30.4003,-1.57853,-304.021
68.375,-12.8289,-30.4579,-1.57999,-304.278
68.4,-12.8226,-30.5156,-1.58146,-304.534
68.425,-12.8164,-30.5736,-1.58293,-304.79
68.45,-12.8101,-30.6318,-1.58441,-305.047
68.475,-12.8037,-30.6901,-1.5859,-305.303
68.5,-12.7974,-30.7487,-1.5874,-305.559
68.525,-12.7911,-30.8074,-1.58891,-305.816
68.55,-12.7847,-30.8664,-1.59042,-306.072
68.575,-12.7783,-30.9255,-1.59194,-306.328
68.6,-12.7719,-30.9849,-1.59348,-306.585
68.625,-12.7655,-31.0445,-1.59501,-306.841
68.65,-12.759,-31.1042,-1.59656,-307.097
68.675,-12.7525,-31.1642,-1.59812,-307.354
68.7,-12.7461,-31.2244,-1.59968,-307.61
68.725,-12.7396,-31.2848,-1.60125,-307.866
68.75,-12.7331,-31.3455,-1.60283,-308.123
68.775,-12.7265,-31.4063,-1.60442,-308.379
68.8,-12.72,-31.4674,-1.60602,-308.635
68.825,-12.7134,-31.5287,-1.60762,-308.891
68.85,-12.7069,-31.5902,-1.60923,-309.148
68.875,-12.7003,-31.652,-1.61085,-309.404
68.9,-12.6937,-31.7139,-1.61248,-309.66
68.925,-12.6871,-31.7762,-1.61412,-309.916
68.95,-12.6804,-31.8386,-1.61577,-310.173
68.975,-12.6738,-31.9013,-1.61742,-310.429
69,-12.6671,-31.9642,-1.61908,-310.685
69.025,-12.6605,-32.0273,-1.62075,-310.941
69.05,-12.6538,-32.0907,-1.62243,-311.198
69.075,-12.6471,-32.1544,-1.62412,-311.454
69.1,-12.6404,-32.2182,-1.62581,-311.71
69.125,-12.6337,-32.2823,-1.62751,-311.966
69.15,-12.627,-32.3467,-1.62922,-312.222
69.175,-12.6203,-32.4113,-1.63094,-312.478
69.2,-12.6135,-32.4762,-1.63267,-312.734
69.225,-12.6068,-32.5413,-1.6344,-312.99
69.25,-12.6,-32.6066,-1.63615,-313.246
69.275,-12.5932,-32.6722,-1.6379,-313.502
69.3,-12.5865,-32.7381,-1.63966,-313.758
69.325,-12.5797,-32.8042,-1.64142,-314.014
69.35,-12.5729,-32.8706,-1.6432,-314.27
69.375,-12.5661,-32.9372,-1.64498,-314.526
69.4,-12.5593,-33.0041,-1.64677,-314.782
69.425,-12.5525,-33.0712,-1.64856,-315.038
69.45,-12.5457,-33.1386,-1.65037,-315.294
69.475,-12.5389,-33.2063,-1.65218,-315.55
69.5,-12.5321,-33.2742,-1.654,-315.806
69.525,-12.5252,-33.3424,-1.65583,-316.061
69.55,-12.5184,-33.4109,-1.65766,-316.317
69.575,-12.5116,-33.4796,-1.65951,-316.573
69.6,-12.5048,-33.5486,-1.66135,-316.829
69.625,-12.4979,-33.6178,-1.66321,-317.084
69.65,-12.4911,-33.6873,-1.66507,-317.34
69.675,-12.4843,-33.7571,-1.66694,-317.595
69.7,-12.4774,-33.8271,-1.66882,-317.851
69.725,-12.4706,-33.8974,-1.67071,-318.107
69.75,-12.4638,-33.968,-1.6726,-318.362
69.775,-12.4569,-34.0389,-1.6745,-318.617
69.8,-12.4501,-34.11,-1.6764,-318.873
69.825,-12.4433,-34.1814,-1.67831,-319.128
69.85,-12.4365,-34.253,-1.68023,-319.384
69.875,-12.4296,-34.3249,-1.68215,-319.639
69.9,-12.4228,-34.3971,-1.68408,-319.894
69.925,-12.416,-34.4696,-1.68602,-320.149
69.95,-12.4092,-34.5423,-1.68796,-320.405
69.975,-12.4024,-34.6153,-1.68991,-320.66
70,-12.3956,-34.6885,-1.69186,-320.915
