# f_ghz,s11_db,re_zin,im_zin
58,-5.371,21.011,-29.645
58.05,-5.5681,21.844,-29.746
58.1,-5.7793,22.825,-30.023
58.15,-5.9702,23.898,-30.606
58.2,-6.0862,24.918,-31.609
58.25,-6.0684,25.66,-33.066
58.3,-5.8818,25.857,-34.877
58.35,-5.5376,25.302,-36.773
58.4,-5.0905,23.961,-38.368
58.45,-4.6147,22.031,-39.299
58.5,-4.179,19.876,-39.37
58.55,-3.8344,17.88,-38.603
58.6,-3.6134,16.33,-37.184
58.65,-3.5327,15.377,-35.362
58.7,-3.5964,15.052,-33.379
58.75,-3.7974,15.311,-31.433
58.8,-4.1185,16.067,-29.675
58.85,-4.5321,17.208,-28.21
58.9,-5.0019,18.607,-27.101
58.95,-5.4865,20.134,-26.365
59,-5.9475,21.667,-25.973
59.05,-6.3589,23.119,-25.854
59.1,-6.7129,24.448,-25.918
59.15,-7.019,25.663,-26.078
59.2,-7.2951,26.809,-26.283
59.25,-7.5565,27.945,-26.523
59.3,-7.8075,29.11,-26.827
59.35,-8.0388,30.313,-27.243
59.4,-8.2315,31.527,-27.816
59.45,-8.3653,32.7,-28.569
59.5,-8.4279,33.775,-29.488
59.55,-8.4211,34.707,-30.534
59.6,-8.3586,35.483,-31.651
59.65,-8.2594,36.121,-32.791
59.7,-8.1395,36.658,-33.93
59.75,-8.007,37.129,-35.074
59.8,-7.8618,37.55,-36.251
59.85,-7.6987,37.911,-37.49
59.9,-7.5127,38.178,-38.806
59.95,-7.3025,38.309,-40.19
60,-7.0729,38.272,-41.604
60.05,-6.8328,38.059,-42.996
60.1,-6.5924,37.69,-44.319
60.15,-6.3598,37.206,-45.544
60.2,-6.1392,36.65,-46.67
60.25,-5.9302,36.052,-47.716
60.3,-5.7293,35.422,-48.708
60.35,-5.532,34.747,-49.666
60.4,-5.3348,34.006,-50.592
60.45,-5.1371,33.184,-51.469
60.5,-4.9406,32.277,-52.268
60.55,-4.7491,31.304,-52.961
60.6,-4.5667,30.296,-53.534
60.65,-4.3959,29.288,-53.991
60.7,-4.2374,28.305,-54.351
60.75,-4.0895,27.359,-54.641
60.8,-3.9491,26.444,-54.886
60.85,-3.8129,25.546,-55.098
60.9,-3.6788,24.647,-55.278
60.95,-3.5462,23.739,-55.412
61,-3.4163,22.826,-55.486
61.05,-3.2912,21.921,-55.489
61.1,-3.1732,21.045,-55.423
61.15,-3.0638,20.214,-55.298
61.2,-2.9627,19.436,-55.134
61.25,-2.8685,18.709,-54.951
61.3,-2.7789,18.02,-54.761
61.35,-2.6915,17.355,-54.57
61.4,-2.6049,16.702,-54.37
61.45,-2.5189,16.054,-54.153
61.5,-2.4346,15.417,-53.907
61.55,-2.3537,14.801,-53.628
61.6,-2.2778,14.217,-53.318
61.65,-2.2079,13.674,-52.987
61.7,-2.1436,13.173,-52.649
61.75,-2.0837,12.708,-52.316
61.8,-2.0262,12.267,-51.994
61.85,-1.9695,11.841,-51.682
61.9,-1.9125,11.419,-51.373
61.95,-1.8553,11,-51.058
62,-1.7991,10.589,-50.728
62.05,-1.7453,10.195,-50.381
62.1,-1.6952,9.8263,-50.02
62.15,-1.6495,9.4873,-49.654
62.2,-1.6079,9.1771,-49.293
62.25,-1.569,8.8894,-48.944
62.3,-1.5313,8.6147,-48.609
62.35,-1.4933,8.3441,-48.287
62.4,-1.4544,8.0726,-47.968
62.45,-1.4149,7.8004,-47.646
62.5,-1.3758,7.533,-47.314
62.55,-1.3388,7.278,-46.971
62.6,-1.3048,7.0423,-46.62
62.65,-1.2744,6.8288,-46.27
62.7,-1.2471,6.6356,-45.928
62.75,-1.2216,6.4563,-45.599
62.8,-1.1963,6.2825,-45.284
62.85,-1.1702,6.1071,-44.98
62.9,-1.1427,5.9269,-44.677
62.95,-1.1143,5.7438,-44.37
63,-1.0864,5.5639,-44.052
63.05,-1.0604,5.3949,-43.723
63.1,-1.0376,5.243,-43.389
63.15,-1.0181,5.1106,-43.055
63.2,-1.0016,4.9948,-42.731
63.25,-0.98649,4.8891,-42.419
63.3,-0.97139,4.7854,-42.118
63.35,-0.95517,4.678,-41.823
63.4,-0.93777,4.5656,-41.525
63.45,-0.92035,4.4532,-41.215
63.5,-0.90509,4.3511,-40.887
63.55,-0.89464,4.2718,-40.544
63.6,-0.89128,4.2266,-40.195
63.65,-0.89621,4.2216,-39.852
63.7,-0.90911,4.2558,-39.532
63.75,-0.92799,4.3205,-39.251
63.8,-0.94954,4.4011,-39.019
63.85,-0.96971,4.479,-38.84
63.9,-0.98454,4.536,-38.708
63.95,-0.99094,4.5571,-38.613
64,-0.98726,4.5335,-38.538
64.05,-0.97346,4.4638,-38.466
64.1,-0.95103,4.3534,-38.379
64.15,-0.92244,4.2132,-38.268
64.2,-0.89058,4.0563,-38.125
64.25,-0.8582,3.8955,-37.951
64.3,-0.82748,3.7413,-37.75
64.35,-0.79982,3.6007,-37.528
64.4,-0.77586,3.4771,-37.295
64.45,-0.75554,3.3705,-37.057
64.5,-0.73831,3.2786,-36.819
64.55,-0.72331,3.1977,-36.586
64.6,-0.7096,3.1234,-36.359
64.65,-0.69632,3.052,-36.137
64.7,-0.68291,2.9808,-35.919
64.75,-0.66921,2.9089,-35.701
64.8,-0.65544,2.8372,-35.48
64.85,-0.6422,2.768,-35.256
64.9,-0.63018,2.7045,-35.028
64.95,-0.62002,2.6494,-34.797
65,-0.61201,2.604,-34.569
65.05,-0.60597,2.5675,-34.345
65.1,-0.60127,2.5374,-34.13
65.15,-0.59694,2.5095,-33.925
65.2,-0.59194,2.4794,-33.729
65.25,-0.58551,2.4438,-33.539
65.3,-0.57738,2.4015,-33.351
65.35,-0.56782,2.3534,-33.16
65.4,-0.55762,2.3028,-32.964
65.45,-0.54773,2.2536,-32.762
65.5,-0.53902,2.2093,-32.555
65.55,-0.53196,2.1721,-32.347
65.6,-0.52648,2.1417,-32.141
65.65,-0.52209,2.116,-31.94
65.7,-0.51799,2.092,-31.745
65.75,-0.51348,2.0666,-31.555
65.8,-0.50812,2.0382,-31.367
65.85,-0.50198,2.0067,-31.178
65.9,-0.49551,1.974,-30.987
65.95,-0.48942,1.943,-30.792
66,-0.48434,1.9161,-30.595
