f_ghz,M.eps_eff,M.alpha_db_per_cm,M.zc_re,M.zc_im
0.006,3.30180,0.00167,52.240,-4.146
0.012,3.17329,0.00234,51.218,-2.859
0.018,3.11141,0.00289,50.741,-2.314
0.024,3.07322,0.00336,50.452,-1.995
0.030,3.04663,0.00378,50.254,-1.778
0.036,3.02673,0.00417,50.108,-1.618
0.042,3.01110,0.00454,49.995,-1.495
0.048,2.99840,0.00488,49.904,-1.395
0.054,2.98780,0.00521,49.828,-1.313
0.060,2.97879,0.00552,49.765,-1.244
0.066,2.97099,0.00582,49.711,-1.184
0.072,2.96416,0.00611,49.664,-1.132
0.078,2.95811,0.00639,49.623,-1.086
0.084,2.95269,0.00667,49.586,-1.045
0.090,2.94782,0.00693,49.553,-1.009
0.096,2.94339,0.00719,49.524,-0.976
0.102,2.93934,0.00745,49.497,-0.945
0.108,2.93563,0.00769,49.473,-0.918
0.114,2.93221,0.00794,49.451,-0.893
0.120,2.92903,0.00818,49.430,-0.869
0.126,2.92608,0.00841,49.411,-0.847
0.132,2.92333,0.00864,49.394,-0.827
0.138,2.92075,0.00887,49.377,-0.808
0.144,2.91833,0.00910,49.362,-0.791
0.150,2.91606,0.00932,49.348,-0.774
0.156,2.91391,0.00954,49.335,-0.759
0.162,2.91188,0.00975,49.322,-0.744
0.168,2.90995,0.00996,49.311,-0.730
0.174,2.90812,0.01018,49.299,-0.717
0.180,2.90638,0.01038,49.289,-0.705
0.186,2.90473,0.01059,49.279,-0.693
0.192,2.90314,0.01079,49.270,-0.682
0.198,2.90163,0.01100,49.261,-0.671
0.204,2.90019,0.01120,49.252,-0.660
0.210,2.89880,0.01139,49.244,-0.651
0.216,2.89747,0.01159,49.236,-0.641
0.222,2.89619,0.01179,49.229,-0.632
0.228,2.89496,0.01198,49.222,-0.624
0.234,2.89378,0.01217,49.215,-0.615
0.240,2.89264,0.01236,49.209,-0.607
0.246,2.89154,0.01255,49.203,-0.600
0.252,2.89048,0.01274,49.197,-0.592
0.258,2.88946,0.01293,49.191,-0.585
0.264,2.88847,0.01311,49.185,-0.578
0.270,2.88751,0.01329,49.180,-0.572
0.276,2.88658,0.01348,49.175,-0.565
0.282,2.88568,0.01366,49.170,-0.559
0.288,2.88481,0.01384,49.165,-0.553
0.294,2.88396,0.01402,49.161,-0.547
0.300,2.88314,0.01420,49.156,-0.541
0.306,2.88234,0.01438,49.152,-0.536
0.312,2.88156,0.01455,49.148,-0.531
0.318,2.88081,0.01473,49.144,-0.526
0.324,2.88007,0.01490,49.140,-0.520
0.330,2.87936,0.01508,49.136,-0.516
0.336,2.87866,0.01525,49.133,-0.511
0.342,2.87798,0.01542,49.129,-0.506
0.348,2.87732,0.01559,49.126,-0.502
0.354,2.87667,0.01577,49.122,-0.497
0.360,2.87604,0.01594,49.119,-0.493
0.366,2.87543,0.01610,49.116,-0.489
0.372,2.87483,0.01627,49.113,-0.485
0.378,2.87424,0.01644,49.110,-0.481
0.384,2.87367,0.01661,49.107,-0.477
0.390,2.87311,0.01678,49.104,-0.473
0.396,2.87256,0.01694,49.102,-0.470
0.402,2.87202,0.01711,49.099,-0.466
0.408,2.87150,0.01727,49.096,-0.463
0.414,2.87098,0.01744,49.094,-0.459
0.420,2.87048,0.01760,49.091,-0.456
0.426,2.86998,0.01776,49.089,-0.453
0.432,2.86950,0.01792,49.087,-0.449
0.438,2.86903,0.01809,49.084,-0.446
0.444,2.86856,0.01825,49.082,-0.443
0.450,2.86811,0.01841,49.080,-0.440
0.456,2.86766,0.01857,49.078,-0.437
0.462,2.86722,0.01873,49.076,-0.434
0.468,2.86679,0.01889,49.074,-0.432
0.474,2.86637,0.01905,49.072,-0.429
0.480,2.86595,0.01921,49.070,-0.426
0.486,2.86554,0.01936,49.068,-0.423
0.492,2.86514,0.01952,49.066,-0.421
0.498,2.86475,0.01968,49.064,-0.418
0.504,2.86436,0.01983,49.063,-0.416
0.510,2.86398,0.01999,49.061,-0.413
0.516,2.86361,0.02015,49.059,-0.411
0.522,2.86324,0.02030,49.057,-0.408
0.528,2.86288,0.02046,49.056,-0.406
0.534,2.86253,0.02061,49.054,-0.404
0.540,2.86218,0.02076,49.053,-0.401
0.546,2.86183,0.02092,49.051,-0.399
0.552,2.86149,0.02107,49.050,-0.397
0.558,2.86116,0.02123,49.048,-0.395
0.564,2.86083,0.02138,49.047,-0.393
0.570,2.86051,0.02153,49.045,-0.391
0.576,2.86019,0.02168,49.044,-0.389
0.582,2.85987,0.02183,49.043,-0.387
0.588,2.85956,0.02198,49.041,-0.385
0.594,2.85926,0.02214,49.040,-0.383
0.600,2.85896,0.02229,49.039,-0.381
0.606,2.85866,0.02244,49.037,-0.379
0.612,2.85837,0.02259,49.036,-0.377
0.618,2.85808,0.02274,49.035,-0.375
0.624,2.85780,0.02289,49.034,-0.373
0.630,2.85752,0.02303,49.033,-0.372
0.636,2.85724,0.02318,49.031,-0.370
0.642,2.85697,0.02333,49.030,-0.368
0.648,2.85670,0.02348,49.029,-0.366
0.654,2.85643,0.02363,49.028,-0.365
0.660,2.85617,0.02378,49.027,-0.363
0.666,2.85591,0.02392,49.026,-0.361
0.672,2.85566,0.02407,49.025,-0.360
0.678,2.85541,0.02422,49.024,-0.358
0.684,2.85516,0.02436,49.023,-0.357
0.690,2.85491,0.02451,49.022,-0.355
0.696,2.85467,0.02466,49.021,-0.354
0.702,2.85443,0.02480,49.020,-0.352
0.708,2.85419,0.02495,49.019,-0.351
0.714,2.85396,0.02509,49.018,-0.349
0.720,2.85373,0.02524,49.017,-0.348
0.726,2.85350,0.02538,49.016,-0.346
0.732,2.85327,0.02553,49.015,-0.345
0.738,2.85305,0.02567,49.014,-0.343
0.744,2.85283,0.02581,49.014,-0.342
0.750,2.85261,0.02596,49.013,-0.341
0.756,2.85240,0.02610,49.012,-0.339
0.762,2.85218,0.02624,49.011,-0.338
0.768,2.85197,0.02639,49.010,-0.337
0.774,2.85177,0.02653,49.009,-0.336
0.780,2.85156,0.02667,49.009,-0.334
0.786,2.85136,0.02682,49.008,-0.333
0.792,2.85116,0.02696,49.007,-0.332
0.798,2.85096,0.02710,49.006,-0.330
0.804,2.85076,0.02724,49.006,-0.329
0.810,2.85056,0.02738,49.005,-0.328
0.816,2.85037,0.02753,49.004,-0.327
0.822,2.85018,0.02767,49.004,-0.326
0.828,2.84999,0.02781,49.003,-0.325
0.834,2.84980,0.02795,49.002,-0.323
0.840,2.84962,0.02809,49.001,-0.322
0.846,2.84944,0.02823,49.001,-0.321
0.852,2.84926,0.02837,49.000,-0.320
0.858,2.84908,0.02851,48.999,-0.319
0.864,2.84890,0.02865,48.999,-0.318
0.870,2.84872,0.02879,48.998,-0.317
0.876,2.84855,0.02893,48.998,-0.316
0.882,2.84838,0.02907,48.997,-0.315
0.888,2.84820,0.02921,48.996,-0.314
0.894,2.84804,0.02935,48.996,-0.313
0.900,2.84787,0.02949,48.995,-0.312
0.906,2.84770,0.02962,48.995,-0.311
0.912,2.84754,0.02976,48.994,-0.310
0.918,2.84738,0.02990,48.993,-0.309
0.924,2.84721,0.03004,48.993,-0.308
0.930,2.84705,0.03018,48.992,-0.307
0.936,2.84690,0.03031,48.992,-0.306
0.942,2.84674,0.03045,48.991,-0.305
0.948,2.84658,0.03059,48.991,-0.304
0.954,2.84643,0.03073,48.990,-0.303
0.960,2.84628,0.03086,48.990,-0.302
0.966,2.84613,0.03100,48.989,-0.301
0.972,2.84598,0.03114,48.989,-0.300
0.978,2.84583,0.03128,48.988,-0.299
0.984,2.84568,0.03141,48.988,-0.298
0.990,2.84553,0.03155,48.987,-0.297
0.996,2.84539,0.03168,48.987,-0.297
1.002,2.84525,0.03182,48.986,-0.296
1.008,2.84510,0.03196,48.986,-0.295
1.014,2.84496,0.03209,48.985,-0.294
1.020,2.84482,0.03223,48.985,-0.293
1.026,2.84469,0.03236,48.984,-0.292
1.032,2.84455,0.03250,48.984,-0.291
1.038,2.84441,0.03263,48.983,-0.291
1.044,2.84428,0.03277,48.983,-0.290
1.050,2.84414,0.03290,48.983,-0.289
1.056,2.84401,0.03304,48.982,-0.288
1.062,2.84388,0.03317,48.982,-0.287
1.068,2.84375,0.03331,48.981,-0.287
1.074,2.84362,0.03344,48.981,-0.286
1.080,2.84349,0.03358,48.980,-0.285
1.086,2.84336,0.03371,48.980,-0.284
1.092,2.84323,0.03385,48.980,-0.284
1.098,2.84311,0.03398,48.979,-0.283
1.104,2.84298,0.03411,48.979,-0.282
1.110,2.84286,0.03425,48.979,-0.281
1.116,2.84274,0.03438,48.978,-0.281
1.122,2.84262,0.03451,48.978,-0.280
1.128,2.84249,0.03465,48.977,-0.279
1.134,2.84237,0.03478,48.977,-0.278
1.140,2.84226,0.03491,48.977,-0.278
1.146,2.84214,0.03505,48.976,-0.277
1.152,2.84202,0.03518,48.976,-0.276
1.158,2.84190,0.03531,48.976,-0.276
1.164,2.84179,0.03545,48.975,-0.275
1.170,2.84167,0.03558,48.975,-0.274
1.176,2.84156,0.03571,48.975,-0.274
1.182,2.84145,0.03584,48.974,-0.273
1.188,2.84134,0.03597,48.974,-0.272
1.194,2.84122,0.03611,48.974,-0.272
1.200,2.84111,0.03624,48.973,-0.271
1.206,2.84100,0.03637,48.973,-0.270
1.212,2.84090,0.03650,48.973,-0.270
1.218,2.84079,0.03663,48.972,-0.269
1.224,2.84068,0.03677,48.972,-0.268
1.230,2.84057,0.03690,48.972,-0.268
1.236,2.84047,0.03703,48.971,-0.267
1.242,2.84036,0.03716,48.971,-0.267
1.248,2.84026,0.03729,48.971,-0.266
1.254,2.84015,0.03742,48.970,-0.265
1.260,2.84005,0.03755,48.970,-0.265
1.266,2.83995,0.03768,48.970,-0.264
1.272,2.83985,0.03781,48.970,-0.264
1.278,2.83975,0.03794,48.969,-0.263
1.284,2.83965,0.03807,48.969,-0.262
1.290,2.83955,0.03820,48.969,-0.262
1.296,2.83945,0.03834,48.968,-0.261
1.302,2.83935,0.03847,48.968,-0.261
1.308,2.83925,0.03860,48.968,-0.260
1.314,2.83916,0.03873,48.968,-0.259
1.320,2.83906,0.03886,48.967,-0.259
1.326,2.83896,0.03898,48.967,-0.258
1.332,2.83887,0.03911,48.967,-0.258
1.338,2.83878,0.03924,48.967,-0.257
1.344,2.83868,0.03937,48.966,-0.257
1.350,2.83859,0.03950,48.966,-0.256
1.356,2.83850,0.03963,48.966,-0.256
1.362,2.83840,0.03976,48.965,-0.255
1.368,2.83831,0.03989,48.965,-0.255
1.374,2.83822,0.04002,48.965,-0.254
1.380,2.83813,0.04015,48.965,-0.253
1.386,2.83804,0.04028,48.965,-0.253
1.392,2.83795,0.04041,48.964,-0.252
1.398,2.83787,0.04053,48.964,-0.252
1.404,2.83778,0.04066,48.964,-0.251
1.410,2.83769,0.04079,48.964,-0.251
1.416,2.83760,0.04092,48.963,-0.250
1.422,2.83752,0.04105,48.963,-0.250
1.428,2.83743,0.04118,48.963,-0.249
1.434,2.83735,0.04130,48.963,-0.249
1.440,2.83726,0.04143,48.962,-0.248
1.446,2.83718,0.04156,48.962,-0.248
1.452,2.83709,0.04169,48.962,-0.247
1.458,2.83701,0.04182,48.962,-0.247
1.464,2.83693,0.04194,48.962,-0.246
1.470,2.83685,0.04207,48.961,-0.246
1.476,2.83676,0.04220,48.961,-0.246
1.482,2.83668,0.04233,48.961,-0.245
1.488,2.83660,0.04245,48.961,-0.245
1.494,2.83652,0.04258,48.961,-0.244
1.500,2.83644,0.04271,48.960,-0.244
1.506,2.83636,0.04284,48.960,-0.243
1.512,2.83628,0.04296,48.960,-0.243
1.518,2.83621,0.04309,48.960,-0.242
1.524,2.83613,0.04322,48.960,-0.242
1.530,2.83605,0.04334,48.959,-0.241
1.536,2.83597,0.04347,48.959,-0.241
1.542,2.83590,0.04360,48.959,-0.241
1.548,2.83582,0.04372,48.959,-0.240
1.554,2.83575,0.04385,48.959,-0.240
1.560,2.83567,0.04398,48.958,-0.239
1.566,2.83559,0.04410,48.958,-0.239
1.572,2.83552,0.04423,48.958,-0.238
1.578,2.83545,0.04436,48.958,-0.238
1.584,2.83537,0.04448,48.958,-0.237
1.590,2.83530,0.04461,48.958,-0.237
1.596,2.83523,0.04473,48.957,-0.237
1.602,2.83515,0.04486,48.957,-0.236
1.608,2.83508,0.04498,48.957,-0.236
1.614,2.83501,0.04511,48.957,-0.235
1.620,2.83494,0.04524,48.957,-0.235
1.626,2.83487,0.04536,48.957,-0.235
1.632,2.83480,0.04549,48.956,-0.234
1.638,2.83473,0.04561,48.956,-0.234
1.644,2.83466,0.04574,48.956,-0.233
1.650,2.83459,0.04586,48.956,-0.233
1.656,2.83452,0.04599,48.956,-0.233
1.662,2.83445,0.04611,48.956,-0.232
1.668,2.83438,0.04624,48.955,-0.232
1.674,2.83432,0.04636,48.955,-0.231
1.680,2.83425,0.04649,48.955,-0.231
1.686,2.83418,0.04661,48.955,-0.231
1.692,2.83412,0.04674,48.955,-0.230
1.698,2.83405,0.04686,48.955,-0.230
1.704,2.83398,0.04699,48.954,-0.229
1.710,2.83392,0.04711,48.954,-0.229
1.716,2.83385,0.04724,48.954,-0.229
1.722,2.83379,0.04736,48.954,-0.228
1.728,2.83372,0.04749,48.954,-0.228
1.734,2.83366,0.04761,48.954,-0.228
1.740,2.83359,0.04774,48.954,-0.227
1.746,2.83353,0.04786,48.953,-0.227
1.752,2.83347,0.04798,48.953,-0.226
1.758,2.83340,0.04811,48.953,-0.226
1.764,2.83334,0.04823,48.953,-0.226
1.770,2.83328,0.04836,48.953,-0.225
1.776,2.83322,0.04848,48.953,-0.225
1.782,2.83315,0.04860,48.953,-0.225
1.788,2.83309,0.04873,48.952,-0.224
1.794,2.83303,0.04885,48.952,-0.224
1.800,2.83297,0.04897,48.952,-0.224
1.806,2.83291,0.04910,48.952,-0.223
1.812,2.83285,0.04922,48.952,-0.223
1.818,2.83279,0.04935,48.952,-0.223
1.824,2.83273,0.04947,48.952,-0.222
1.830,2.83267,0.04959,48.952,-0.222
1.836,2.83261,0.04972,48.951,-0.222
1.842,2.83255,0.04984,48.951,-0.221
1.848,2.83250,0.04996,48.951,-0.221
1.854,2.83244,0.05008,48.951,-0.221
1.860,2.83238,0.05021,48.951,-0.220
1.866,2.83232,0.05033,48.951,-0.220
1.872,2.83226,0.05045,48.951,-0.220
1.878,2.83221,0.05058,48.951,-0.219
1.884,2.83215,0.05070,48.950,-0.219
1.890,2.83209,0.05082,48.950,-0.219
1.896,2.83204,0.05094,48.950,-0.218
1.902,2.83198,0.05107,48.950,-0.218
1.908,2.83193,0.05119,48.950,-0.218
1.914,2.83187,0.05131,48.950,-0.217
1.920,2.83182,0.05143,48.950,-0.217
1.926,2.83176,0.05156,48.950,-0.217
1.932,2.83171,0.05168,48.950,-0.216
1.938,2.83165,0.05180,48.949,-0.216
1.944,2.83160,0.05192,48.949,-0.216
1.950,2.83154,0.05205,48.949,-0.215
1.956,2.83149,0.05217,48.949,-0.215
1.962,2.83144,0.05229,48.949,-0.215
1.968,2.83138,0.05241,48.949,-0.215
1.974,2.83133,0.05253,48.949,-0.214
1.980,2.83128,0.05266,48.949,-0.214
1.986,2.83122,0.05278,48.949,-0.214
1.992,2.83117,0.05290,48.949,-0.213
1.998,2.83112,0.05302,48.948,-0.213
2.004,2.83107,0.05314,48.948,-0.213
2.010,2.83102,0.05326,48.948,-0.212
2.016,2.83097,0.05339,48.948,-0.212
2.022,2.83092,0.05351,48.948,-0.212
2.028,2.83086,0.05363,48.948,-0.212
2.034,2.83081,0.05375,48.948,-0.211
2.040,2.83076,0.05387,48.948,-0.211
2.046,2.83071,0.05399,48.948,-0.211
2.052,2.83066,0.05411,48.948,-0.210
2.058,2.83061,0.05424,48.947,-0.210
2.064,2.83056,0.05436,48.947,-0.210
2.070,2.83052,0.05448,48.947,-0.210
2.076,2.83047,0.05460,48.947,-0.209
2.082,2.83042,0.05472,48.947,-0.209
2.088,2.83037,0.05484,48.947,-0.209
2.094,2.83032,0.05496,48.947,-0.208
2.100,2.83027,0.05508,48.947,-0.208
2.106,2.83022,0.05520,48.947,-0.208
2.112,2.83018,0.05532,48.947,-0.208
2.118,2.83013,0.05544,48.947,-0.207
2.124,2.83008,0.05556,48.946,-0.207
2.130,2.83003,0.05569,48.946,-0.207
2.136,2.82999,0.05581,48.946,-0.207
2.142,2.82994,0.05593,48.946,-0.206
2.148,2.82989,0.05605,48.946,-0.206
2.154,2.82985,0.05617,48.946,-0.206
2.160,2.82980,0.05629,48.946,-0.205
2.166,2.82976,0.05641,48.946,-0.205
2.172,2.82971,0.05653,48.946,-0.205
2.178,2.82967,0.05665,48.946,-0.205
2.184,2.82962,0.05677,48.946,-0.204
2.190,2.82957,0.05689,48.946,-0.204
2.196,2.82953,0.05701,48.945,-0.204
2.202,2.82949,0.05713,48.945,-0.204
2.208,2.82944,0.05725,48.945,-0.203
2.214,2.82940,0.05737,48.945,-0.203
2.220,2.82935,0.05749,48.945,-0.203
2.226,2.82931,0.05761,48.945,-0.203
2.232,2.82926,0.05773,48.945,-0.202
2.238,2.82922,0.05785,48.945,-0.202
2.244,2.82918,0.05797,48.945,-0.202
2.250,2.82913,0.05809,48.945,-0.202
2.256,2.82909,0.05821,48.945,-0.201
2.262,2.82905,0.05833,48.945,-0.201
2.268,2.82901,0.05844,48.945,-0.201
2.274,2.82896,0.05856,48.944,-0.201
2.280,2.82892,0.05868,48.944,-0.200
2.286,2.82888,0.05880,48.944,-0.200
2.292,2.82884,0.05892,48.944,-0.200
2.298,2.82879,0.05904,48.944,-0.200
2.304,2.82875,0.05916,48.944,-0.199
2.310,2.82871,0.05928,48.944,-0.199
2.316,2.82867,0.05940,48.944,-0.199
2.322,2.82863,0.05952,48.944,-0.199
2.328,2.82859,0.05964,48.944,-0.198
2.334,2.82855,0.05976,48.944,-0.198
2.340,2.82851,0.05987,48.944,-0.198
2.346,2.82847,0.05999,48.944,-0.198
2.352,2.82843,0.06011,48.944,-0.198
2.358,2.82839,0.06023,48.944,-0.197
2.364,2.82835,0.06035,48.943,-0.197
2.370,2.82831,0.06047,48.943,-0.197
2.376,2.82827,0.06059,48.943,-0.197
2.382,2.82823,0.06071,48.943,-0.196
2.388,2.82819,0.06082,48.943,-0.196
2.394,2.82815,0.06094,48.943,-0.196
2.400,2.82811,0.06106,48.943,-0.196
2.406,2.82807,0.06118,48.943,-0.195
2.412,2.82803,0.06130,48.943,-0.195
2.418,2.82799,0.06142,48.943,-0.195
2.424,2.82795,0.06153,48.943,-0.195
2.430,2.82792,0.06165,48.943,-0.195
2.436,2.82788,0.06177,48.943,-0.194
2.442,2.82784,0.06189,48.943,-0.194
2.448,2.82780,0.06201,48.943,-0.194
2.454,2.82776,0.06213,48.943,-0.194
2.460,2.82773,0.06224,48.943,-0.193
2.466,2.82769,0.06236,48.942,-0.193
2.472,2.82765,0.06248,48.942,-0.193
2.478,2.82761,0.06260,48.942,-0.193
2.484,2.82758,0.06271,48.942,-0.193
2.490,2.82754,0.06283,48.942,-0.192
2.496,2.82750,0.06295,48.942,-0.192
2.502,2.82747,0.06307,48.942,-0.192
2.508,2.82743,0.06319,48.942,-0.192
2.514,2.82739,0.06330,48.942,-0.192
2.520,2.82736,0.06342,48.942,-0.191
2.526,2.82732,0.06354,48.942,-0.191
2.532,2.82729,0.06366,48.942,-0.191
2.538,2.82725,0.06377,48.942,-0.191
2.544,2.82722,0.06389,48.942,-0.190
2.550,2.82718,0.06401,48.942,-0.190
2.556,2.82714,0.06413,48.942,-0.190
2.562,2.82711,0.06424,48.942,-0.190
2.568,2.82707,0.06436,48.942,-0.190
2.574,2.82704,0.06448,48.941,-0.189
2.580,2.82700,0.06459,48.941,-0.189
2.586,2.82697,0.06471,48.941,-0.189
2.592,2.82694,0.06483,48.941,-0.189
2.598,2.82690,0.06495,48.941,-0.189
2.604,2.82687,0.06506,48.941,-0.188
2.610,2.82683,0.06518,48.941,-0.188
2.616,2.82680,0.06530,48.941,-0.188
2.622,2.82676,0.06541,48.941,-0.188
2.628,2.82673,0.06553,48.941,-0.188
2.634,2.82670,0.06565,48.941,-0.187
2.640,2.82666,0.06576,48.941,-0.187
2.646,2.82663,0.06588,48.941,-0.187
2.652,2.82660,0.06600,48.941,-0.187
2.658,2.82656,0.06611,48.941,-0.187
2.664,2.82653,0.06623,48.941,-0.186
2.670,2.82650,0.06635,48.941,-0.186
2.676,2.82647,0.06646,48.941,-0.186
2.682,2.82643,0.06658,48.941,-0.186
2.688,2.82640,0.06670,48.941,-0.186
2.694,2.82637,0.06681,48.941,-0.186
2.700,2.82634,0.06693,48.940,-0.185
2.706,2.82630,0.06705,48.940,-0.185
2.712,2.82627,0.06716,48.940,-0.185
2.718,2.82624,0.06728,48.940,-0.185
2.724,2.82621,0.06740,48.940,-0.185
2.730,2.82618,0.06751,48.940,-0.184
2.736,2.82614,0.06763,48.940,-0.184
2.742,2.82611,0.06774,48.940,-0.184
2.748,2.82608,0.06786,48.940,-0.184
2.754,2.82605,0.06798,48.940,-0.184
2.760,2.82602,0.06809,48.940,-0.183
2.766,2.82599,0.06821,48.940,-0.183
2.772,2.82596,0.06832,48.940,-0.183
2.778,2.82593,0.06844,48.940,-0.183
2.784,2.82590,0.06856,48.940,-0.183
2.790,2.82587,0.06867,48.940,-0.183
2.796,2.82583,0.06879,48.940,-0.182
2.802,2.82580,0.06890,48.940,-0.182
2.808,2.82577,0.06902,48.940,-0.182
2.814,2.82574,0.06914,48.940,-0.182
2.820,2.82571,0.06925,48.940,-0.182
2.826,2.82568,0.06937,48.940,-0.181
2.832,2.82565,0.06948,48.940,-0.181
2.838,2.82562,0.06960,48.940,-0.181
2.844,2.82559,0.06971,48.940,-0.181
2.850,2.82557,0.06983,48.940,-0.181
2.856,2.82554,0.06994,48.939,-0.181
2.862,2.82551,0.07006,48.939,-0.180
2.868,2.82548,0.07018,48.939,-0.180
2.874,2.82545,0.07029,48.939,-0.180
2.880,2.82542,0.07041,48.939,-0.180
2.886,2.82539,0.07052,48.939,-0.180
2.892,2.82536,0.07064,48.939,-0.180
2.898,2.82533,0.07075,48.939,-0.179
2.904,2.82530,0.07087,48.939,-0.179
2.910,2.82528,0.07098,48.939,-0.179
2.916,2.82525,0.07110,48.939,-0.179
2.922,2.82522,0.07121,48.939,-0.179
2.928,2.82519,0.07133,48.939,-0.179
2.934,2.82516,0.07144,48.939,-0.178
2.940,2.82514,0.07156,48.939,-0.178
2.946,2.82511,0.07167,48.939,-0.178
2.952,2.82508,0.07179,48.939,-0.178
2.958,2.82505,0.07190,48.939,-0.178
2.964,2.82502,0.07202,48.939,-0.178
2.970,2.82500,0.07213,48.939,-0.177
2.976,2.82497,0.07225,48.939,-0.177
2.982,2.82494,0.07236,48.939,-0.177
2.988,2.82491,0.07248,48.939,-0.177
2.994,2.82489,0.07259,48.939,-0.177
3.000,2.82486,0.07271,48.939,-0.177
3.006,2.82483,0.07282,48.939,-0.176
3.012,2.82481,0.07294,48.939,-0.176
3.018,2.82478,0.07305,48.939,-0.176
3.024,2.82475,0.07316,48.939,-0.176
3.030,2.82473,0.07328,48.939,-0.176
3.036,2.82470,0.07339,48.938,-0.176
3.042,2.82467,0.07351,48.938,-0.175
3.048,2.82465,0.07362,48.938,-0.175
3.054,2.82462,0.07374,48.938,-0.175
3.060,2.82460,0.07385,48.938,-0.175
3.066,2.82457,0.07397,48.938,-0.175
3.072,2.82454,0.07408,48.938,-0.175
3.078,2.82452,0.07419,48.938,-0.174
3.084,2.82449,0.07431,48.938,-0.174
3.090,2.82447,0.07442,48.938,-0.174
3.096,2.82444,0.07454,48.938,-0.174
3.102,2.82441,0.07465,48.938,-0.174
3.108,2.82439,0.07476,48.938,-0.174
3.114,2.82436,0.07488,48.938,-0.174
3.120,2.82434,0.07499,48.938,-0.173
3.126,2.82431,0.07511,48.938,-0.173
3.132,2.82429,0.07522,48.938,-0.173
3.138,2.82426,0.07533,48.938,-0.173
3.144,2.82424,0.07545,48.938,-0.173
3.150,2.82421,0.07556,48.938,-0.173
3.156,2.82419,0.07568,48.938,-0.172
3.162,2.82416,0.07579,48.938,-0.172
3.168,2.82414,0.07590,48.938,-0.172
3.174,2.82412,0.07602,48.938,-0.172
3.180,2.82409,0.07613,48.938,-0.172
3.186,2.82407,0.07624,48.938,-0.172
3.192,2.82404,0.07636,48.938,-0.172
3.198,2.82402,0.07647,48.938,-0.171
3.204,2.82399,0.07659,48.938,-0.171
3.210,2.82397,0.07670,48.938,-0.171
3.216,2.82395,0.07681,48.938,-0.171
3.222,2.82392,0.07693,48.938,-0.171
3.228,2.82390,0.07704,48.938,-0.171
3.234,2.82387,0.07715,48.938,-0.171
3.240,2.82385,0.07727,48.938,-0.170
3.246,2.82383,0.07738,48.938,-0.170
3.252,2.82380,0.07749,48.938,-0.170
3.258,2.82378,0.07761,48.938,-0.170
3.264,2.82376,0.07772,48.937,-0.170
3.270,2.82373,0.07783,48.937,-0.170
3.276,2.82371,0.07795,48.937,-0.170
3.282,2.82369,0.07806,48.937,-0.169
3.288,2.82367,0.07817,48.937,-0.169
3.294,2.82364,0.07829,48.937,-0.169
3.300,2.82362,0.07840,48.937,-0.169
3.306,2.82360,0.07851,48.937,-0.169
3.312,2.82357,0.07862,48.937,-0.169
3.318,2.82355,0.07874,48.937,-0.169
3.324,2.82353,0.07885,48.937,-0.168
3.330,2.82351,0.07896,48.937,-0.168
3.336,2.82348,0.07908,48.937,-0.168
3.342,2.82346,0.07919,48.937,-0.168
3.348,2.82344,0.07930,48.937,-0.168
3.354,2.82342,0.07941,48.937,-0.168
3.360,2.82340,0.07953,48.937,-0.168
3.366,2.82337,0.07964,48.937,-0.167
3.372,2.82335,0.07975,48.937,-0.167
3.378,2.82333,0.07987,48.937,-0.167
3.384,2.82331,0.07998,48.937,-0.167
3.390,2.82329,0.08009,48.937,-0.167
3.396,2.82326,0.08020,48.937,-0.167
3.402,2.82324,0.08032,48.937,-0.167
3.408,2.82322,0.08043,48.937,-0.166
3.414,2.82320,0.08054,48.937,-0.166
3.420,2.82318,0.08065,48.937,-0.166
3.426,2.82316,0.08077,48.937,-0.166
3.432,2.82314,0.08088,48.937,-0.166
3.438,2.82311,0.08099,48.937,-0.166
3.444,2.82309,0.08110,48.937,-0.166
3.450,2.82307,0.08122,48.937,-0.166
3.456,2.82305,0.08133,48.937,-0.165
3.462,2.82303,0.08144,48.937,-0.165
3.468,2.82301,0.08155,48.937,-0.165
3.474,2.82299,0.08166,48.937,-0.165
3.480,2.82297,0.08178,48.937,-0.165
3.486,2.82295,0.08189,48.937,-0.165
3.492,2.82293,0.08200,48.937,-0.165
3.498,2.82291,0.08211,48.937,-0.164
3.504,2.82289,0.08223,48.937,-0.164
3.510,2.82287,0.08234,48.937,-0.164
3.516,2.82284,0.08245,48.937,-0.164
3.522,2.82282,0.08256,48.937,-0.164
3.528,2.82280,0.08267,48.937,-0.164
3.534,2.82278,0.08279,48.937,-0.164
3.540,2.82276,0.08290,48.937,-0.164
3.546,2.82274,0.08301,48.937,-0.163
3.552,2.82272,0.08312,48.937,-0.163
3.558,2.82270,0.08323,48.937,-0.163
3.564,2.82268,0.08335,48.937,-0.163
3.570,2.82266,0.08346,48.937,-0.163
3.576,2.82265,0.08357,48.937,-0.163
3.582,2.82263,0.08368,48.937,-0.163
3.588,2.82261,0.08379,48.936,-0.163
3.594,2.82259,0.08390,48.936,-0.162
3.600,2.82257,0.08402,48.936,-0.162
3.606,2.82255,0.08413,48.936,-0.162
3.612,2.82253,0.08424,48.936,-0.162
3.618,2.82251,0.08435,48.936,-0.162
3.624,2.82249,0.08446,48.936,-0.162
3.630,2.82247,0.08457,48.936,-0.162
3.636,2.82245,0.08468,48.936,-0.162
3.642,2.82243,0.08480,48.936,-0.161
3.648,2.82241,0.08491,48.936,-0.161
3.654,2.82240,0.08502,48.936,-0.161
3.660,2.82238,0.08513,48.936,-0.161
3.666,2.82236,0.08524,48.936,-0.161
3.672,2.82234,0.08535,48.936,-0.161
3.678,2.82232,0.08546,48.936,-0.161
3.684,2.82230,0.08558,48.936,-0.161
3.690,2.82228,0.08569,48.936,-0.160
3.696,2.82226,0.08580,48.936,-0.160
3.702,2.82225,0.08591,48.936,-0.160
3.708,2.82223,0.08602,48.936,-0.160
3.714,2.82221,0.08613,48.936,-0.160
3.720,2.82219,0.08624,48.936,-0.160
3.726,2.82217,0.08635,48.936,-0.160
3.732,2.82216,0.08647,48.936,-0.160
3.738,2.82214,0.08658,48.936,-0.159
3.744,2.82212,0.08669,48.936,-0.159
3.750,2.82210,0.08680,48.936,-0.159
3.756,2.82208,0.08691,48.936,-0.159
3.762,2.82207,0.08702,48.936,-0.159
3.768,2.82205,0.08713,48.936,-0.159
3.774,2.82203,0.08724,48.936,-0.159
3.780,2.82201,0.08735,48.936,-0.159
3.786,2.82199,0.08746,48.936,-0.159
3.792,2.82198,0.08757,48.936,-0.158
3.798,2.82196,0.08769,48.936,-0.158
3.804,2.82194,0.08780,48.936,-0.158
3.810,2.82192,0.08791,48.936,-0.158
3.816,2.82191,0.08802,48.936,-0.158
3.822,2.82189,0.08813,48.936,-0.158
3.828,2.82187,0.08824,48.936,-0.158
3.834,2.82186,0.08835,48.936,-0.158
3.840,2.82184,0.08846,48.936,-0.158
3.846,2.82182,0.08857,48.936,-0.157
3.852,2.82180,0.08868,48.936,-0.157
3.858,2.82179,0.08879,48.936,-0.157
3.864,2.82177,0.08890,48.936,-0.157
3.870,2.82175,0.08901,48.936,-0.157
3.876,2.82174,0.08912,48.936,-0.157
3.882,2.82172,0.08923,48.936,-0.157
3.888,2.82170,0.08934,48.936,-0.157
3.894,2.82169,0.08945,48.936,-0.157
3.900,2.82167,0.08956,48.936,-0.156
3.906,2.82165,0.08968,48.936,-0.156
3.912,2.82164,0.08979,48.936,-0.156
3.918,2.82162,0.08990,48.936,-0.156
3.924,2.82160,0.09001,48.936,-0.156
3.930,2.82159,0.09012,48.936,-0.156
3.936,2.82157,0.09023,48.936,-0.156
3.942,2.82156,0.09034,48.936,-0.156
3.948,2.82154,0.09045,48.936,-0.156
3.954,2.82152,0.09056,48.936,-0.155
3.960,2.82151,0.09067,48.936,-0.155
3.966,2.82149,0.09078,48.936,-0.155
3.972,2.82148,0.09089,48.936,-0.155
3.978,2.82146,0.09100,48.936,-0.155
3.984,2.82144,0.09111,48.936,-0.155
3.990,2.82143,0.09122,48.936,-0.155
3.996,2.82141,0.09133,48.936,-0.155
4.002,2.82140,0.09144,48.936,-0.155
4.008,2.82138,0.09155,48.936,-0.154
4.014,2.82137,0.09166,48.936,-0.154
4.020,2.82135,0.09177,48.936,-0.154
4.026,2.82133,0.09188,48.936,-0.154
4.032,2.82132,0.09199,48.936,-0.154
4.038,2.82130,0.09210,48.936,-0.154
4.044,2.82129,0.09221,48.936,-0.154
4.050,2.82127,0.09232,48.936,-0.154
4.056,2.82126,0.09243,48.936,-0.154
4.062,2.82124,0.09254,48.936,-0.153
4.068,2.82123,0.09264,48.936,-0.153
4.074,2.82121,0.09275,48.936,-0.153
4.080,2.82120,0.09286,48.936,-0.153
4.086,2.82118,0.09297,48.936,-0.153
4.092,2.82117,0.09308,48.936,-0.153
4.098,2.82115,0.09319,48.936,-0.153
4.104,2.82114,0.09330,48.936,-0.153
4.110,2.82112,0.09341,48.936,-0.153
4.116,2.82111,0.09352,48.936,-0.153
4.122,2.82109,0.09363,48.936,-0.152
4.128,2.82108,0.09374,48.936,-0.152
4.134,2.82106,0.09385,48.936,-0.152
4.140,2.82105,0.09396,48.936,-0.152
4.146,2.82103,0.09407,48.936,-0.152
4.152,2.82102,0.09418,48.935,-0.152
4.158,2.82100,0.09429,48.935,-0.152
4.164,2.82099,0.09440,48.935,-0.152
4.170,2.82098,0.09451,48.935,-0.152
4.176,2.82096,0.09461,48.935,-0.151
4.182,2.82095,0.09472,48.935,-0.151
4.188,2.82093,0.09483,48.935,-0.151
4.194,2.82092,0.09494,48.935,-0.151
4.200,2.82090,0.09505,48.935,-0.151
4.206,2.82089,0.09516,48.935,-0.151
4.212,2.82088,0.09527,48.935,-0.151
4.218,2.82086,0.09538,48.935,-0.151
4.224,2.82085,0.09549,48.935,-0.151
4.230,2.82083,0.09560,48.935,-0.151
4.236,2.82082,0.09571,48.935,-0.150
4.242,2.82081,0.09582,48.935,-0.150
4.248,2.82079,0.09592,48.935,-0.150
4.254,2.82078,0.09603,48.935,-0.150
4.260,2.82076,0.09614,48.935,-0.150
4.266,2.82075,0.09625,48.935,-0.150
4.272,2.82074,0.09636,48.935,-0.150
4.278,2.82072,0.09647,48.935,-0.150
4.284,2.82071,0.09658,48.935,-0.150
4.290,2.82070,0.09669,48.935,-0.150
4.296,2.82068,0.09680,48.935,-0.150
4.302,2.82067,0.09690,48.935,-0.149
4.308,2.82066,0.09701,48.935,-0.149
4.314,2.82064,0.09712,48.935,-0.149
4.320,2.82063,0.09723,48.935,-0.149
4.326,2.82062,0.09734,48.935,-0.149
4.332,2.82060,0.09745,48.935,-0.149
4.338,2.82059,0.09756,48.935,-0.149
4.344,2.82058,0.09766,48.935,-0.149
4.350,2.82056,0.09777,48.935,-0.149
4.356,2.82055,0.09788,48.935,-0.149
4.362,2.82054,0.09799,48.935,-0.148
4.368,2.82052,0.09810,48.935,-0.148
4.374,2.82051,0.09821,48.935,-0.148
4.380,2.82050,0.09832,48.935,-0.148
4.386,2.82049,0.09842,48.935,-0.148
4.392,2.82047,0.09853,48.935,-0.148
4.398,2.82046,0.09864,48.935,-0.148
4.404,2.82045,0.09875,48.935,-0.148
4.410,2.82043,0.09886,48.935,-0.148
4.416,2.82042,0.09897,48.935,-0.148
4.422,2.82041,0.09907,48.935,-0.147
4.428,2.82040,0.09918,48.935,-0.147
4.434,2.82038,0.09929,48.935,-0.147
4.440,2.82037,0.09940,48.935,-0.147
4.446,2.82036,0.09951,48.935,-0.147
4.452,2.82035,0.09962,48.935,-0.147
4.458,2.82033,0.09972,48.935,-0.147
4.464,2.82032,0.09983,48.935,-0.147
4.470,2.82031,0.09994,48.935,-0.147
4.476,2.82030,0.10005,48.935,-0.147
4.482,2.82029,0.10016,48.935,-0.147
4.488,2.82027,0.10026,48.935,-0.146
4.494,2.82026,0.10037,48.935,-0.146
4.500,2.82025,0.10048,48.935,-0.146
4.506,2.82024,0.10059,48.935,-0.146
4.512,2.82022,0.10070,48.935,-0.146
4.518,2.82021,0.10080,48.935,-0.146
4.524,2.82020,0.10091,48.935,-0.146
4.530,2.82019,0.10102,48.935,-0.146
4.536,2.82018,0.10113,48.935,-0.146
4.542,2.82017,0.10124,48.935,-0.146
4.548,2.82015,0.10134,48.935,-0.146
4.554,2.82014,0.10145,48.935,-0.145
4.560,2.82013,0.10156,48.935,-0.145
4.566,2.82012,0.10167,48.935,-0.145
4.572,2.82011,0.10178,48.935,-0.145
4.578,2.82009,0.10188,48.935,-0.145
4.584,2.82008,0.10199,48.935,-0.145
4.590,2.82007,0.10210,48.935,-0.145
4.596,2.82006,0.10221,48.935,-0.145
4.602,2.82005,0.10231,48.935,-0.145
4.608,2.82004,0.10242,48.935,-0.145
4.614,2.82003,0.10253,48.935,-0.145
4.620,2.82001,0.10264,48.935,-0.145
4.626,2.82000,0.10275,48.935,-0.144
4.632,2.81999,0.10285,48.935,-0.144
4.638,2.81998,0.10296,48.935,-0.144
4.644,2.81997,0.10307,48.935,-0.144
4.650,2.81996,0.10318,48.935,-0.144
4.656,2.81995,0.10328,48.935,-0.144
4.662,2.81994,0.10339,48.935,-0.144
4.668,2.81992,0.10350,48.935,-0.144
4.674,2.81991,0.10361,48.935,-0.144
4.680,2.81990,0.10371,48.935,-0.144
4.686,2.81989,0.10382,48.935,-0.144
4.692,2.81988,0.10393,48.935,-0.143
4.698,2.81987,0.10403,48.935,-0.143
4.704,2.81986,0.10414,48.935,-0.143
4.710,2.81985,0.10425,48.935,-0.143
4.716,2.81984,0.10436,48.935,-0.143
4.722,2.81983,0.10446,48.935,-0.143
4.728,2.81982,0.10457,48.935,-0.143
4.734,2.81981,0.10468,48.935,-0.143
4.740,2.81979,0.10479,48.935,-0.143
4.746,2.81978,0.10489,48.935,-0.143
4.752,2.81977,0.10500,48.935,-0.143
4.758,2.81976,0.10511,48.935,-0.143
4.764,2.81975,0.10521,48.935,-0.142
4.770,2.81974,0.10532,48.935,-0.142
4.776,2.81973,0.10543,48.935,-0.142
4.782,2.81972,0.10554,48.935,-0.142
4.788,2.81971,0.10564,48.935,-0.142
4.794,2.81970,0.10575,48.935,-0.142
4.800,2.81969,0.10586,48.935,-0.142
4.806,2.81968,0.10596,48.935,-0.142
4.812,2.81967,0.10607,48.935,-0.142
4.818,2.81966,0.10618,48.935,-0.142
4.824,2.81965,0.10628,48.935,-0.142
4.830,2.81964,0.10639,48.935,-0.142
4.836,2.81963,0.10650,48.935,-0.141
4.842,2.81962,0.10661,48.935,-0.141
4.848,2.81961,0.10671,48.935,-0.141
4.854,2.81960,0.10682,48.935,-0.141
4.860,2.81959,0.10693,48.935,-0.141
4.866,2.81958,0.10703,48.935,-0.141
4.872,2.81957,0.10714,48.935,-0.141
4.878,2.81956,0.10725,48.935,-0.141
4.884,2.81955,0.10735,48.935,-0.141
4.890,2.81954,0.10746,48.935,-0.141
4.896,2.81953,0.10757,48.935,-0.141
4.902,2.81952,0.10767,48.935,-0.141
4.908,2.81951,0.10778,48.935,-0.140
4.914,2.81950,0.10789,48.935,-0.140
4.920,2.81949,0.10799,48.935,-0.140
4.926,2.81948,0.10810,48.935,-0.140
4.932,2.81947,0.10821,48.935,-0.140
4.938,2.81946,0.10831,48.935,-0.140
4.944,2.81945,0.10842,48.935,-0.140
4.950,2.81944,0.10853,48.935,-0.140
4.956,2.81943,0.10863,48.935,-0.140
4.962,2.81942,0.10874,48.935,-0.140
4.968,2.81941,0.10884,48.935,-0.140
4.974,2.81940,0.10895,48.935,-0.140
4.980,2.81939,0.10906,48.935,-0.139
4.986,2.81939,0.10916,48.935,-0.139
4.992,2.81938,0.10927,48.935,-0.139
4.998,2.81937,0.10938,48.935,-0.139
5.004,2.81936,0.10948,48.935,-0.139
5.010,2.81935,0.10959,48.935,-0.139
5.016,2.81934,0.10970,48.935,-0.139
5.022,2.81933,0.10980,48.935,-0.139
5.028,2.81932,0.10991,48.935,-0.139
5.034,2.81931,0.11001,48.935,-0.139
5.040,2.81930,0.11012,48.935,-0.139
5.046,2.81929,0.11023,48.935,-0.139
5.052,2.81928,0.11033,48.935,-0.139
5.058,2.81928,0.11044,48.935,-0.138
5.064,2.81927,0.11055,48.935,-0.138
5.070,2.81926,0.11065,48.935,-0.138
5.076,2.81925,0.11076,48.935,-0.138
5.082,2.81924,0.11086,48.935,-0.138
5.088,2.81923,0.11097,48.935,-0.138
5.094,2.81922,0.11108,48.935,-0.138
5.100,2.81921,0.11118,48.935,-0.138
5.106,2.81920,0.11129,48.935,-0.138
5.112,2.81920,0.11139,48.935,-0.138
5.118,2.81919,0.11150,48.935,-0.138
5.124,2.81918,0.11161,48.935,-0.138
5.130,2.81917,0.11171,48.935,-0.138
5.136,2.81916,0.11182,48.935,-0.137
5.142,2.81915,0.11192,48.935,-0.137
5.148,2.81914,0.11203,48.935,-0.137
5.154,2.81914,0.11214,48.935,-0.137
5.160,2.81913,0.11224,48.935,-0.137
5.166,2.81912,0.11235,48.935,-0.137
5.172,2.81911,0.11245,48.935,-0.137
5.178,2.81910,0.11256,48.935,-0.137
5.184,2.81909,0.11266,48.935,-0.137
5.190,2.81908,0.11277,48.935,-0.137
5.196,2.81908,0.11288,48.935,-0.137
5.202,2.81907,0.11298,48.935,-0.137
5.208,2.81906,0.11309,48.935,-0.137
5.214,2.81905,0.11319,48.935,-0.136
5.220,2.81904,0.11330,48.935,-0.136
5.226,2.81904,0.11340,48.935,-0.136
5.232,2.81903,0.11351,48.935,-0.136
5.238,2.81902,0.11362,48.935,-0.136
5.244,2.81901,0.11372,48.935,-0.136
5.250,2.81900,0.11383,48.935,-0.136
5.256,2.81900,0.11393,48.935,-0.136
5.262,2.81899,0.11404,48.935,-0.136
5.268,2.81898,0.11414,48.935,-0.136
5.274,2.81897,0.11425,48.935,-0.136
5.280,2.81896,0.11435,48.935,-0.136
5.286,2.81896,0.11446,48.935,-0.136
5.292,2.81895,0.11457,48.935,-0.136
5.298,2.81894,0.11467,48.935,-0.135
5.304,2.81893,0.11478,48.935,-0.135
5.310,2.81892,0.11488,48.935,-0.135
5.316,2.81892,0.11499,48.935,-0.135
5.322,2.81891,0.11509,48.935,-0.135
5.328,2.81890,0.11520,48.935,-0.135
5.334,2.81889,0.11530,48.935,-0.135
5.340,2.81889,0.11541,48.935,-0.135
5.346,2.81888,0.11551,48.935,-0.135
5.352,2.81887,0.11562,48.935,-0.135
5.358,2.81886,0.11572,48.935,-0.135
5.364,2.81885,0.11583,48.935,-0.135
5.370,2.81885,0.11593,48.935,-0.135
5.376,2.81884,0.11604,48.935,-0.134
5.382,2.81883,0.11614,48.935,-0.134
5.388,2.81882,0.11625,48.935,-0.134
5.394,2.81882,0.11636,48.935,-0.134
5.400,2.81881,0.11646,48.935,-0.134
5.406,2.81880,0.11657,48.935,-0.134
5.412,2.81880,0.11667,48.935,-0.134
5.418,2.81879,0.11678,48.935,-0.134
5.424,2.81878,0.11688,48.935,-0.134
5.430,2.81877,0.11699,48.935,-0.134
5.436,2.81877,0.11709,48.935,-0.134
5.442,2.81876,0.11720,48.935,-0.134
5.448,2.81875,0.11730,48.935,-0.134
5.454,2.81874,0.11741,48.935,-0.134
5.460,2.81874,0.11751,48.935,-0.133
5.466,2.81873,0.11762,48.935,-0.133
5.472,2.81872,0.11772,48.935,-0.133
5.478,2.81872,0.11783,48.935,-0.133
5.484,2.81871,0.11793,48.935,-0.133
5.490,2.81870,0.11804,48.935,-0.133
5.496,2.81870,0.11814,48.935,-0.133
5.502,2.81869,0.11824,48.935,-0.133
5.508,2.81868,0.11835,48.935,-0.133
5.514,2.81867,0.11845,48.935,-0.133
5.520,2.81867,0.11856,48.935,-0.133
5.526,2.81866,0.11866,48.935,-0.133
5.532,2.81865,0.11877,48.935,-0.133
5.538,2.81865,0.11887,48.935,-0.133
5.544,2.81864,0.11898,48.935,-0.133
5.550,2.81863,0.11908,48.935,-0.132
5.556,2.81863,0.11919,48.935,-0.132
5.562,2.81862,0.11929,48.935,-0.132
5.568,2.81861,0.11940,48.935,-0.132
5.574,2.81861,0.11950,48.935,-0.132
5.580,2.81860,0.11961,48.935,-0.132
5.586,2.81859,0.11971,48.935,-0.132
5.592,2.81859,0.11981,48.935,-0.132
5.598,2.81858,0.11992,48.935,-0.132
5.604,2.81857,0.12002,48.935,-0.132
5.610,2.81857,0.12013,48.935,-0.132
5.616,2.81856,0.12023,48.935,-0.132
5.622,2.81855,0.12034,48.935,-0.132
5.628,2.81855,0.12044,48.935,-0.132
5.634,2.81854,0.12055,48.935,-0.131
5.640,2.81853,0.12065,48.935,-0.131
5.646,2.81853,0.12076,48.935,-0.131
5.652,2.81852,0.12086,48.935,-0.131
5.658,2.81852,0.12096,48.935,-0.131
5.664,2.81851,0.12107,48.935,-0.131
5.670,2.81850,0.12117,48.935,-0.131
5.676,2.81850,0.12128,48.935,-0.131
5.682,2.81849,0.12138,48.935,-0.131
5.688,2.81848,0.12149,48.935,-0.131
5.694,2.81848,0.12159,48.935,-0.131
5.700,2.81847,0.12169,48.935,-0.131
5.706,2.81847,0.12180,48.935,-0.131
5.712,2.81846,0.12190,48.935,-0.131
5.718,2.81845,0.12201,48.935,-0.131
5.724,2.81845,0.12211,48.935,-0.130
5.730,2.81844,0.12222,48.935,-0.130
5.736,2.81844,0.12232,48.935,-0.130
5.742,2.81843,0.12242,48.935,-0.130
5.748,2.81842,0.12253,48.935,-0.130
5.754,2.81842,0.12263,48.935,-0.130
5.760,2.81841,0.12274,48.935,-0.130
5.766,2.81841,0.12284,48.935,-0.130
5.772,2.81840,0.12294,48.935,-0.130
5.778,2.81839,0.12305,48.935,-0.130
5.784,2.81839,0.12315,48.935,-0.130
5.790,2.81838,0.12326,48.935,-0.130
5.796,2.81838,0.12336,48.935,-0.130
5.802,2.81837,0.12346,48.935,-0.130
5.808,2.81837,0.12357,48.935,-0.130
5.814,2.81836,0.12367,48.935,-0.130
5.820,2.81835,0.12378,48.935,-0.129
5.826,2.81835,0.12388,48.935,-0.129
5.832,2.81834,0.12398,48.935,-0.129
5.838,2.81834,0.12409,48.935,-0.129
5.844,2.81833,0.12419,48.935,-0.129
5.850,2.81833,0.12430,48.935,-0.129
5.856,2.81832,0.12440,48.935,-0.129
5.862,2.81831,0.12450,48.935,-0.129
5.868,2.81831,0.12461,48.935,-0.129
5.874,2.81830,0.12471,48.935,-0.129
5.880,2.81830,0.12481,48.935,-0.129
5.886,2.81829,0.12492,48.935,-0.129
5.892,2.81829,0.12502,48.935,-0.129
5.898,2.81828,0.12513,48.935,-0.129
5.904,2.81828,0.12523,48.935,-0.129
5.910,2.81827,0.12533,48.935,-0.128
5.916,2.81827,0.12544,48.935,-0.128
5.922,2.81826,0.12554,48.935,-0.128
5.928,2.81825,0.12564,48.935,-0.128
5.934,2.81825,0.12575,48.935,-0.128
5.940,2.81824,0.12585,48.935,-0.128
5.946,2.81824,0.12595,48.935,-0.128
5.952,2.81823,0.12606,48.935,-0.128
5.958,2.81823,0.12616,48.935,-0.128
5.964,2.81822,0.12626,48.935,-0.128
5.970,2.81822,0.12637,48.936,-0.128
5.976,2.81821,0.12647,48.936,-0.128
5.982,2.81821,0.12658,48.936,-0.128
5.988,2.81820,0.12668,48.936,-0.128
5.994,2.81820,0.12678,48.936,-0.128
6.000,2.81819,0.12689,48.936,-0.128
