f_ghz,W.eps_eff,W.alpha_db_per_cm,W.zc_re,W.zc_im
0.006,3.12478,0.00033,47.384,-0.608
0.012,3.09563,0.00049,47.249,-0.391
0.018,3.08141,0.00062,47.191,-0.299
0.024,3.07245,0.00073,47.160,-0.245
0.030,3.06609,0.00084,47.139,-0.208
0.036,3.06123,0.00094,47.125,-0.181
0.042,3.05735,0.00104,47.115,-0.160
0.048,3.05415,0.00113,47.108,-0.144
0.054,3.05144,0.00123,47.102,-0.130
0.060,3.04910,0.00131,47.098,-0.118
0.066,3.04705,0.00140,47.094,-0.108
0.072,3.04524,0.00149,47.091,-0.100
0.078,3.04362,0.00157,47.089,-0.092
0.084,3.04216,0.00165,47.087,-0.085
0.090,3.04083,0.00173,47.086,-0.079
0.096,3.03961,0.00181,47.084,-0.073
0.102,3.03849,0.00189,47.083,-0.068
0.108,3.03746,0.00197,47.083,-0.064
0.114,3.03650,0.00204,47.082,-0.060
0.120,3.03560,0.00212,47.081,-0.056
0.126,3.03476,0.00220,47.081,-0.052
0.132,3.03398,0.00227,47.081,-0.049
0.138,3.03324,0.00235,47.081,-0.046
0.144,3.03255,0.00242,47.080,-0.043
0.150,3.03189,0.00249,47.080,-0.040
0.156,3.03127,0.00256,47.080,-0.037
0.162,3.03068,0.00264,47.081,-0.035
0.168,3.03012,0.00271,47.081,-0.033
0.174,3.02958,0.00278,47.081,-0.031
0.180,3.02908,0.00285,47.081,-0.028
0.186,3.02859,0.00292,47.081,-0.027
0.192,3.02813,0.00299,47.081,-0.025
0.198,3.02768,0.00306,47.082,-0.023
0.204,3.02726,0.00313,47.082,-0.021
0.210,3.02685,0.00320,47.082,-0.020
0.216,3.02646,0.00327,47.082,-0.018
0.222,3.02608,0.00334,47.083,-0.016
0.228,3.02572,0.00340,47.083,-0.015
0.234,3.02538,0.00347,47.083,-0.014
0.240,3.02504,0.00354,47.084,-0.012
0.246,3.02472,0.00361,47.084,-0.011
0.252,3.02441,0.00367,47.085,-0.010
0.258,3.02411,0.00374,47.085,-0.009
0.264,3.02382,0.00381,47.085,-0.008
0.270,3.02354,0.00388,47.086,-0.006
0.276,3.02327,0.00394,47.086,-0.005
0.282,3.02301,0.00401,47.086,-0.004
0.288,3.02276,0.00407,47.087,-0.003
0.294,3.02252,0.00414,47.087,-0.002
0.300,3.02228,0.00421,47.088,-0.001
0.306,3.02205,0.00427,47.088,-0.001
0.312,3.02183,0.00434,47.088,0.000
0.318,3.02162,0.00440,47.089,0.001
0.324,3.02141,0.00447,47.089,0.002
0.330,3.02121,0.00453,47.090,0.003
0.336,3.02101,0.00460,47.090,0.004
0.342,3.02082,0.00466,47.091,0.004
0.348,3.02064,0.00473,47.091,0.005
0.354,3.02046,0.00479,47.091,0.006
0.360,3.02029,0.00485,47.092,0.007
0.366,3.02012,0.00492,47.092,0.007
0.372,3.01996,0.00498,47.093,0.008
0.378,3.01980,0.00505,47.093,0.009
0.384,3.01964,0.00511,47.093,0.009
0.390,3.01950,0.00517,47.094,0.010
0.396,3.01935,0.00524,47.094,0.010
0.402,3.01921,0.00530,47.095,0.011
0.408,3.01907,0.00536,47.095,0.012
0.414,3.01894,0.00543,47.095,0.012
0.420,3.01881,0.00549,47.096,0.013
0.426,3.01869,0.00555,47.096,0.013
0.432,3.01856,0.00562,47.097,0.014
0.438,3.01845,0.00568,47.097,0.014
0.444,3.01833,0.00574,47.097,0.015
0.450,3.01822,0.00581,47.098,0.015
0.456,3.01811,0.00587,47.098,0.016
0.462,3.01801,0.00593,47.099,0.016
0.468,3.01790,0.00599,47.099,0.017
0.474,3.01780,0.00606,47.099,0.017
0.480,3.01771,0.00612,47.100,0.018
0.486,3.01761,0.00618,47.100,0.018
0.492,3.01752,0.00624,47.100,0.018
0.498,3.01743,0.00630,47.101,0.019
0.504,3.01735,0.00637,47.101,0.019
0.510,3.01726,0.00643,47.102,0.020
0.516,3.01718,0.00649,47.102,0.020
0.522,3.01710,0.00655,47.102,0.021
0.528,3.01703,0.00661,47.103,0.021
0.534,3.01695,0.00667,47.103,0.021
0.540,3.01688,0.00674,47.103,0.022
0.546,3.01681,0.00680,47.104,0.022
0.552,3.01675,0.00686,47.104,0.022
0.558,3.01668,0.00692,47.104,0.023
0.564,3.01662,0.00698,47.105,0.023
0.570,3.01656,0.00704,47.105,0.023
0.576,3.01650,0.00710,47.106,0.024
0.582,3.01644,0.00717,47.106,0.024
0.588,3.01638,0.00723,47.106,0.024
0.594,3.01633,0.00729,47.107,0.025
0.600,3.01628,0.00735,47.107,0.025
0.606,3.01623,0.00741,47.107,0.025
0.612,3.01618,0.00747,47.108,0.026
0.618,3.01613,0.00753,47.108,0.026
0.624,3.01609,0.00759,47.108,0.026
0.630,3.01605,0.00765,47.109,0.027
0.636,3.01601,0.00771,47.109,0.027
0.642,3.01597,0.00777,47.109,0.027
0.648,3.01593,0.00783,47.110,0.027
0.654,3.01589,0.00789,47.110,0.028
0.660,3.01585,0.00796,47.110,0.028
0.666,3.01582,0.00802,47.111,0.028
0.672,3.01579,0.00808,47.111,0.029
0.678,3.01576,0.00814,47.111,0.029
0.684,3.01573,0.00820,47.112,0.029
0.690,3.01570,0.00826,47.112,0.029
0.696,3.01567,0.00832,47.112,0.030
0.702,3.01565,0.00838,47.113,0.030
0.708,3.01562,0.00844,47.113,0.030
0.714,3.01560,0.00850,47.113,0.030
0.720,3.01558,0.00856,47.114,0.031
0.726,3.01556,0.00862,47.114,0.031
0.732,3.01554,0.00868,47.114,0.031
0.738,3.01552,0.00874,47.115,0.031
0.744,3.01550,0.00880,47.115,0.031
0.750,3.01549,0.00886,47.115,0.032
0.756,3.01547,0.00892,47.115,0.032
0.762,3.01546,0.00898,47.116,0.032
0.768,3.01544,0.00904,47.116,0.032
0.774,3.01543,0.00910,47.116,0.033
0.780,3.01542,0.00916,47.117,0.033
0.786,3.01541,0.00922,47.117,0.033
0.792,3.01540,0.00927,47.117,0.033
0.798,3.01540,0.00933,47.118,0.033
0.804,3.01539,0.00939,47.118,0.034
0.810,3.01539,0.00945,47.118,0.034
0.816,3.01538,0.00951,47.118,0.034
0.822,3.01538,0.00957,47.119,0.034
0.828,3.01538,0.00963,47.119,0.034
0.834,3.01537,0.00969,47.119,0.035
0.840,3.01537,0.00975,47.120,0.035
0.846,3.01537,0.00981,47.120,0.035
0.852,3.01538,0.00987,47.120,0.035
0.858,3.01538,0.00993,47.120,0.035
0.864,3.01538,0.00999,47.121,0.036
0.870,3.01539,0.01005,47.121,0.036
0.876,3.01539,0.01011,47.121,0.036
0.882,3.01540,0.01016,47.122,0.036
0.888,3.01540,0.01022,47.122,0.036
0.894,3.01541,0.01028,47.122,0.036
0.900,3.01542,0.01034,47.122,0.037
0.906,3.01543,0.01040,47.123,0.037
0.912,3.01544,0.01046,47.123,0.037
0.918,3.01545,0.01052,47.123,0.037
0.924,3.01546,0.01058,47.123,0.037
0.930,3.01547,0.01064,47.124,0.037
0.936,3.01548,0.01070,47.124,0.038
0.942,3.01550,0.01075,47.124,0.038
0.948,3.01551,0.01081,47.125,0.038
0.954,3.01553,0.01087,47.125,0.038
0.960,3.01554,0.01093,47.125,0.038
0.966,3.01556,0.01099,47.125,0.038
0.972,3.01558,0.01105,47.126,0.038
0.978,3.01559,0.01111,47.126,0.039
0.984,3.01561,0.01117,47.126,0.039
0.990,3.01563,0.01122,47.126,0.039
0.996,3.01565,0.01128,47.127,0.039
1.002,3.01567,0.01134,47.127,0.039
1.008,3.01569,0.01140,47.127,0.039
1.014,3.01571,0.01146,47.127,0.039
1.020,3.01574,0.01152,47.128,0.040
1.026,3.01576,0.01158,47.128,0.040
1.032,3.01578,0.01163,47.128,0.040
1.038,3.01581,0.01169,47.128,0.040
1.044,3.01583,0.01175,47.129,0.040
1.050,3.01586,0.01181,47.129,0.040
1.056,3.01588,0.01187,47.129,0.040
1.062,3.01591,0.01193,47.129,0.041
1.068,3.01594,0.01198,47.130,0.041
1.074,3.01597,0.01204,47.130,0.041
1.080,3.01599,0.01210,47.130,0.041
1.086,3.01602,0.01216,47.130,0.041
1.092,3.01605,0.01222,47.131,0.041
1.098,3.01608,0.01228,47.131,0.041
1.104,3.01611,0.01233,47.131,0.041
1.110,3.01615,0.01239,47.131,0.042
1.116,3.01618,0.01245,47.132,0.042
1.122,3.01621,0.01251,47.132,0.042
1.128,3.01624,0.01257,47.132,0.042
1.134,3.01628,0.01262,47.132,0.042
1.140,3.01631,0.01268,47.132,0.042
1.146,3.01634,0.01274,47.133,0.042
1.152,3.01638,0.01280,47.133,0.042
1.158,3.01641,0.01286,47.133,0.042
1.164,3.01645,0.01291,47.133,0.043
1.170,3.01649,0.01297,47.134,0.043
1.176,3.01652,0.01303,47.134,0.043
1.182,3.01656,0.01309,47.134,0.043
1.188,3.01660,0.01315,47.134,0.043
1.194,3.01664,0.01320,47.135,0.043
1.200,3.01668,0.01326,47.135,0.043
1.206,3.01672,0.01332,47.135,0.043
1.212,3.01676,0.01338,47.135,0.043
1.218,3.01680,0.01344,47.135,0.044
1.224,3.01684,0.01349,47.136,0.044
1.230,3.01688,0.01355,47.136,0.044
1.236,3.01692,0.01361,47.136,0.044
1.242,3.01696,0.01367,47.136,0.044
1.248,3.01700,0.01372,47.137,0.044
1.254,3.01705,0.01378,47.137,0.044
1.260,3.01709,0.01384,47.137,0.044
1.266,3.01713,0.01390,47.137,0.044
1.272,3.01718,0.01396,47.137,0.045
1.278,3.01722,0.01401,47.138,0.045
1.284,3.01727,0.01407,47.138,0.045
1.290,3.01731,0.01413,47.138,0.045
1.296,3.01736,0.01419,47.138,0.045
1.302,3.01740,0.01424,47.138,0.045
1.308,3.01745,0.01430,47.139,0.045
1.314,3.01750,0.01436,47.139,0.045
1.320,3.01754,0.01442,47.139,0.045
1.326,3.01759,0.01447,47.139,0.045
1.332,3.01764,0.01453,47.139,0.045
1.338,3.01769,0.01459,47.140,0.046
1.344,3.01774,0.01465,47.140,0.046
1.350,3.01779,0.01470,47.140,0.046
1.356,3.01784,0.01476,47.140,0.046
1.362,3.01789,0.01482,47.141,0.046
1.368,3.01794,0.01488,47.141,0.046
1.374,3.01799,0.01493,47.141,0.046
1.380,3.01804,0.01499,47.141,0.046
1.386,3.01809,0.01505,47.141,0.046
1.392,3.01814,0.01511,47.142,0.046
1.398,3.01820,0.01516,47.142,0.046
1.404,3.01825,0.01522,47.142,0.047
1.410,3.01830,0.01528,47.142,0.047
1.416,3.01835,0.01534,47.142,0.047
1.422,3.01841,0.01539,47.143,0.047
1.428,3.01846,0.01545,47.143,0.047
1.434,3.01852,0.01551,47.143,0.047
1.440,3.01857,0.01556,47.143,0.047
1.446,3.01863,0.01562,47.143,0.047
1.452,3.01868,0.01568,47.144,0.047
1.458,3.01874,0.01574,47.144,0.047
1.464,3.01879,0.01579,47.144,0.047
1.470,3.01885,0.01585,47.144,0.047
1.476,3.01891,0.01591,47.144,0.048
1.482,3.01896,0.01597,47.144,0.048
1.488,3.01902,0.01602,47.145,0.048
1.494,3.01908,0.01608,47.145,0.048
1.500,3.01913,0.01614,47.145,0.048
1.506,3.01919,0.01619,47.145,0.048
1.512,3.01925,0.01625,47.145,0.048
1.518,3.01931,0.01631,47.146,0.048
1.524,3.01937,0.01637,47.146,0.048
1.530,3.01943,0.01642,47.146,0.048
1.536,3.01949,0.01648,47.146,0.048
1.542,3.01955,0.01654,47.146,0.048
1.548,3.01961,0.01659,47.147,0.048
1.554,3.01967,0.01665,47.147,0.048
1.560,3.01973,0.01671,47.147,0.049
1.566,3.01979,0.01677,47.147,0.049
1.572,3.01985,0.01682,47.147,0.049
1.578,3.01991,0.01688,47.147,0.049
1.584,3.01998,0.01694,47.148,0.049
1.590,3.02004,0.01699,47.148,0.049
1.596,3.02010,0.01705,47.148,0.049
1.602,3.02016,0.01711,47.148,0.049
1.608,3.02023,0.01716,47.148,0.049
1.614,3.02029,0.01722,47.149,0.049
1.620,3.02035,0.01728,47.149,0.049
1.626,3.02042,0.01733,47.149,0.049
1.632,3.02048,0.01739,47.149,0.049
1.638,3.02055,0.01745,47.149,0.049
1.644,3.02061,0.01751,47.149,0.050
1.650,3.02068,0.01756,47.150,0.050
1.656,3.02074,0.01762,47.150,0.050
1.662,3.02081,0.01768,47.150,0.050
1.668,3.02087,0.01773,47.150,0.050
1.674,3.02094,0.01779,47.150,0.050
1.680,3.02100,0.01785,47.150,0.050
1.686,3.02107,0.01790,47.151,0.050
1.692,3.02114,0.01796,47.151,0.050
1.698,3.02120,0.01802,47.151,0.050
1.704,3.02127,0.01807,47.151,0.050
1.710,3.02134,0.01813,47.151,0.050
1.716,3.02141,0.01819,47.151,0.050
1.722,3.02148,0.01824,47.152,0.050
1.728,3.02154,0.01830,47.152,0.050
1.734,3.02161,0.01836,47.152,0.050
1.740,3.02168,0.01841,47.152,0.051
1.746,3.02175,0.01847,47.152,0.051
1.752,3.02182,0.01853,47.152,0.051
1.758,3.02189,0.01858,47.153,0.051
1.764,3.02196,0.01864,47.153,0.051
1.770,3.02203,0.01870,47.153,0.051
1.776,3.02210,0.01875,47.153,0.051
1.782,3.02217,0.01881,47.153,0.051
1.788,3.02224,0.01887,47.153,0.051
1.794,3.02231,0.01892,47.154,0.051
1.800,3.02238,0.01898,47.154,0.051
1.806,3.02245,0.01904,47.154,0.051
1.812,3.02252,0.01909,47.154,0.051
1.818,3.02260,0.01915,47.154,0.051
1.824,3.02267,0.01921,47.154,0.051
1.830,3.02274,0.01926,47.155,0.051
1.836,3.02281,0.01932,47.155,0.051
1.842,3.02288,0.01938,47.155,0.052
1.848,3.02296,0.01943,47.155,0.052
1.854,3.02303,0.01949,47.155,0.052
1.860,3.02310,0.01955,47.155,0.052
1.866,3.02318,0.01960,47.156,0.052
1.872,3.02325,0.01966,47.156,0.052
1.878,3.02332,0.01972,47.156,0.052
1.884,3.02340,0.01977,47.156,0.052
1.890,3.02347,0.01983,47.156,0.052
1.896,3.02355,0.01989,47.156,0.052
1.902,3.02362,0.01994,47.157,0.052
1.908,3.02370,0.02000,47.157,0.052
1.914,3.02377,0.02005,47.157,0.052
1.920,3.02385,0.02011,47.157,0.052
1.926,3.02392,0.02017,47.157,0.052
1.932,3.02400,0.02022,47.157,0.052
1.938,3.02407,0.02028,47.157,0.052
1.944,3.02415,0.02034,47.158,0.052
1.950,3.02423,0.02039,47.158,0.053
1.956,3.02430,0.02045,47.158,0.053
1.962,3.02438,0.02051,47.158,0.053
1.968,3.02446,0.02056,47.158,0.053
1.974,3.02453,0.02062,47.158,0.053
1.980,3.02461,0.02068,47.159,0.053
1.986,3.02469,0.02073,47.159,0.053
1.992,3.02477,0.02079,47.159,0.053
1.998,3.02484,0.02084,47.159,0.053
2.004,3.02492,0.02090,47.159,0.053
2.010,3.02500,0.02096,47.159,0.053
2.016,3.02508,0.02101,47.159,0.053
2.022,3.02516,0.02107,47.160,0.053
2.028,3.02524,0.02113,47.160,0.053
2.034,3.02531,0.02118,47.160,0.053
2.040,3.02539,0.02124,47.160,0.053
2.046,3.02547,0.02130,47.160,0.053
2.052,3.02555,0.02135,47.160,0.053
2.058,3.02563,0.02141,47.160,0.053
2.064,3.02571,0.02146,47.161,0.053
2.070,3.02579,0.02152,47.161,0.054
2.076,3.02587,0.02158,47.161,0.054
2.082,3.02595,0.02163,47.161,0.054
2.088,3.02603,0.02169,47.161,0.054
2.094,3.02611,0.02174,47.161,0.054
2.100,3.02619,0.02180,47.161,0.054
2.106,3.02628,0.02186,47.162,0.054
2.112,3.02636,0.02191,47.162,0.054
2.118,3.02644,0.02197,47.162,0.054
2.124,3.02652,0.02203,47.162,0.054
2.130,3.02660,0.02208,47.162,0.054
2.136,3.02668,0.02214,47.162,0.054
2.142,3.02676,0.02219,47.162,0.054
2.148,3.02685,0.02225,47.163,0.054
2.154,3.02693,0.02231,47.163,0.054
2.160,3.02701,0.02236,47.163,0.054
2.166,3.02709,0.02242,47.163,0.054
2.172,3.02718,0.02248,47.163,0.054
2.178,3.02726,0.02253,47.163,0.054
2.184,3.02734,0.02259,47.163,0.054
2.190,3.02743,0.02264,47.164,0.054
2.196,3.02751,0.02270,47.164,0.054
2.202,3.02759,0.02276,47.164,0.054
2.208,3.02768,0.02281,47.164,0.055
2.214,3.02776,0.02287,47.164,0.055
2.220,3.02785,0.02292,47.164,0.055
2.226,3.02793,0.02298,47.164,0.055
2.232,3.02802,0.02304,47.165,0.055
2.238,3.02810,0.02309,47.165,0.055
2.244,3.02819,0.02315,47.165,0.055
2.250,3.02827,0.02320,47.165,0.055
2.256,3.02836,0.02326,47.165,0.055
2.262,3.02844,0.02332,47.165,0.055
2.268,3.02853,0.02337,47.165,0.055
2.274,3.02861,0.02343,47.166,0.055
2.280,3.02870,0.02348,47.166,0.055
2.286,3.02878,0.02354,47.166,0.055
2.292,3.02887,0.02360,47.166,0.055
2.298,3.02896,0.02365,47.166,0.055
2.304,3.02904,0.02371,47.166,0.055
2.310,3.02913,0.02376,47.166,0.055
2.316,3.02921,0.02382,47.166,0.055
2.322,3.02930,0.02388,47.167,0.055
2.328,3.02939,0.02393,47.167,0.055
2.334,3.02948,0.02399,47.167,0.055
2.340,3.02956,0.02404,47.167,0.055
2.346,3.02965,0.02410,47.167,0.055
2.352,3.02974,0.02416,47.167,0.056
2.358,3.02983,0.02421,47.167,0.056
2.364,3.02991,0.02427,47.168,0.056
2.370,3.03000,0.02432,47.168,0.056
2.376,3.03009,0.02438,47.168,0.056
2.382,3.03018,0.02444,47.168,0.056
2.388,3.03027,0.02449,47.168,0.056
2.394,3.03035,0.02455,47.168,0.056
2.400,3.03044,0.02460,47.168,0.056
2.406,3.03053,0.02466,47.168,0.056
2.412,3.03062,0.02472,47.169,0.056
2.418,3.03071,0.02477,47.169,0.056
2.424,3.03080,0.02483,47.169,0.056
2.430,3.03089,0.02488,47.169,0.056
2.436,3.03098,0.02494,47.169,0.056
2.442,3.03107,0.02499,47.169,0.056
2.448,3.03116,0.02505,47.169,0.056
2.454,3.03125,0.02511,47.169,0.056
2.460,3.03134,0.02516,47.170,0.056
2.466,3.03143,0.02522,47.170,0.056
2.472,3.03152,0.02527,47.170,0.056
2.478,3.03161,0.02533,47.170,0.056
2.484,3.03170,0.02539,47.170,0.056
2.490,3.03179,0.02544,47.170,0.056
2.496,3.03188,0.02550,47.170,0.056
2.502,3.03197,0.02555,47.170,0.056
2.508,3.03206,0.02561,47.171,0.056
2.514,3.03215,0.02566,47.171,0.057
2.520,3.03224,0.02572,47.171,0.057
2.526,3.03234,0.02578,47.171,0.057
2.532,3.03243,0.02583,47.171,0.057
2.538,3.03252,0.02589,47.171,0.057
2.544,3.03261,0.02594,47.171,0.057
2.550,3.03270,0.02600,47.171,0.057
2.556,3.03280,0.02605,47.172,0.057
2.562,3.03289,0.02611,47.172,0.057
2.568,3.03298,0.02617,47.172,0.057
2.574,3.03307,0.02622,47.172,0.057
2.580,3.03317,0.02628,47.172,0.057
2.586,3.03326,0.02633,47.172,0.057
2.592,3.03335,0.02639,47.172,0.057
2.598,3.03344,0.02644,47.172,0.057
2.604,3.03354,0.02650,47.172,0.057
2.610,3.03363,0.02656,47.173,0.057
2.616,3.03372,0.02661,47.173,0.057
2.622,3.03382,0.02667,47.173,0.057
2.628,3.03391,0.02672,47.173,0.057
2.634,3.03400,0.02678,47.173,0.057
2.640,3.03410,0.02683,47.173,0.057
2.646,3.03419,0.02689,47.173,0.057
2.652,3.03429,0.02695,47.173,0.057
2.658,3.03438,0.02700,47.174,0.057
2.664,3.03447,0.02706,47.174,0.057
2.670,3.03457,0.02711,47.174,0.057
2.676,3.03466,0.02717,47.174,0.057
2.682,3.03476,0.02722,47.174,0.057
2.688,3.03485,0.02728,47.174,0.058
2.694,3.03495,0.02734,47.174,0.058
2.700,3.03504,0.02739,47.174,0.058
2.706,3.03514,0.02745,47.174,0.058
2.712,3.03523,0.02750,47.175,0.058
2.718,3.03533,0.02756,47.175,0.058
2.724,3.03542,0.02761,47.175,0.058
2.730,3.03552,0.02767,47.175,0.058
2.736,3.03562,0.02772,47.175,0.058
2.742,3.03571,0.02778,47.175,0.058
2.748,3.03581,0.02784,47.175,0.058
2.754,3.03590,0.02789,47.175,0.058
2.760,3.03600,0.02795,47.176,0.058
2.766,3.03610,0.02800,47.176,0.058
2.772,3.03619,0.02806,47.176,0.058
2.778,3.03629,0.02811,47.176,0.058
2.784,3.03639,0.02817,47.176,0.058
2.790,3.03648,0.02822,47.176,0.058
2.796,3.03658,0.02828,47.176,0.058
2.802,3.03668,0.02834,47.176,0.058
2.808,3.03677,0.02839,47.176,0.058
2.814,3.03687,0.02845,47.177,0.058
2.820,3.03697,0.02850,47.177,0.058
2.826,3.03707,0.02856,47.177,0.058
2.832,3.03716,0.02861,47.177,0.058
2.838,3.03726,0.02867,47.177,0.058
2.844,3.03736,0.02872,47.177,0.058
2.850,3.03746,0.02878,47.177,0.058
2.856,3.03755,0.02884,47.177,0.058
2.862,3.03765,0.02889,47.177,0.058
2.868,3.03775,0.02895,47.178,0.058
2.874,3.03785,0.02900,47.178,0.058
2.880,3.03795,0.02906,47.178,0.058
2.886,3.03805,0.02911,47.178,0.059
2.892,3.03814,0.02917,47.178,0.059
2.898,3.03824,0.02922,47.178,0.059
2.904,3.03834,0.02928,47.178,0.059
2.910,3.03844,0.02933,47.178,0.059
2.916,3.03854,0.02939,47.178,0.059
2.922,3.03864,0.02945,47.179,0.059
2.928,3.03874,0.02950,47.179,0.059
2.934,3.03884,0.02956,47.179,0.059
2.940,3.03894,0.02961,47.179,0.059
2.946,3.03904,0.02967,47.179,0.059
2.952,3.03914,0.02972,47.179,0.059
2.958,3.03924,0.02978,47.179,0.059
2.964,3.03934,0.02983,47.179,0.059
2.970,3.03944,0.02989,47.179,0.059
2.976,3.03954,0.02994,47.179,0.059
2.982,3.03964,0.03000,47.180,0.059
2.988,3.03974,0.03006,47.180,0.059
2.994,3.03984,0.03011,47.180,0.059
3.000,3.03994,0.03017,47.180,0.059
3.006,3.04004,0.03022,47.180,0.059
3.012,3.04014,0.03028,47.180,0.059
3.018,3.04024,0.03033,47.180,0.059
3.024,3.04034,0.03039,47.180,0.059
3.030,3.04044,0.03044,47.180,0.059
3.036,3.04054,0.03050,47.181,0.059
3.042,3.04064,0.03055,47.181,0.059
3.048,3.04075,0.03061,47.181,0.059
3.054,3.04085,0.03066,47.181,0.059
3.060,3.04095,0.03072,47.181,0.059
3.066,3.04105,0.03078,47.181,0.059
3.072,3.04115,0.03083,47.181,0.059
3.078,3.04125,0.03089,47.181,0.059
3.084,3.04136,0.03094,47.181,0.059
3.090,3.04146,0.03100,47.181,0.059
3.096,3.04156,0.03105,47.182,0.059
3.102,3.04166,0.03111,47.182,0.060
3.108,3.04176,0.03116,47.182,0.060
3.114,3.04187,0.03122,47.182,0.060
3.120,3.04197,0.03127,47.182,0.060
3.126,3.04207,0.03133,47.182,0.060
3.132,3.04217,0.03138,47.182,0.060
3.138,3.04228,0.03144,47.182,0.060
3.144,3.04238,0.03149,47.182,0.060
3.150,3.04248,0.03155,47.183,0.060
3.156,3.04259,0.03160,47.183,0.060
3.162,3.04269,0.03166,47.183,0.060
3.168,3.04279,0.03172,47.183,0.060
3.174,3.04290,0.03177,47.183,0.060
3.180,3.04300,0.03183,47.183,0.060
3.186,3.04310,0.03188,47.183,0.060
3.192,3.04321,0.03194,47.183,0.060
3.198,3.04331,0.03199,47.183,0.060
3.204,3.04341,0.03205,47.183,0.060
3.210,3.04352,0.03210,47.184,0.060
3.216,3.04362,0.03216,47.184,0.060
3.222,3.04373,0.03221,47.184,0.060
3.228,3.04383,0.03227,47.184,0.060
3.234,3.04393,0.03232,47.184,0.060
3.240,3.04404,0.03238,47.184,0.060
3.246,3.04414,0.03243,47.184,0.060
3.252,3.04425,0.03249,47.184,0.060
3.258,3.04435,0.03254,47.184,0.060
3.264,3.04446,0.03260,47.184,0.060
3.270,3.04456,0.03265,47.184,0.060
3.276,3.04467,0.03271,47.185,0.060
3.282,3.04477,0.03277,47.185,0.060
3.288,3.04488,0.03282,47.185,0.060
3.294,3.04498,0.03288,47.185,0.060
3.300,3.04509,0.03293,47.185,0.060
3.306,3.04519,0.03299,47.185,0.060
3.312,3.04530,0.03304,47.185,0.060
3.318,3.04540,0.03310,47.185,0.060
3.324,3.04551,0.03315,47.185,0.060
3.330,3.04561,0.03321,47.185,0.060
3.336,3.04572,0.03326,47.186,0.060
3.342,3.04583,0.03332,47.186,0.060
3.348,3.04593,0.03337,47.186,0.061
3.354,3.04604,0.03343,47.186,0.061
3.360,3.04614,0.03348,47.186,0.061
3.366,3.04625,0.03354,47.186,0.061
3.372,3.04636,0.03359,47.186,0.061
3.378,3.04646,0.03365,47.186,0.061
3.384,3.04657,0.03370,47.186,0.061
3.390,3.04668,0.03376,47.186,0.061
3.396,3.04678,0.03381,47.187,0.061
3.402,3.04689,0.03387,47.187,0.061
3.408,3.04700,0.03392,47.187,0.061
3.414,3.04710,0.03398,47.187,0.061
3.420,3.04721,0.03403,47.187,0.061
3.426,3.04732,0.03409,47.187,0.061
3.432,3.04743,0.03414,47.187,0.061
3.438,3.04753,0.03420,47.187,0.061
3.444,3.04764,0.03426,47.187,0.061
3.450,3.04775,0.03431,47.187,0.061
3.456,3.04785,0.03437,47.187,0.061
3.462,3.04796,0.03442,47.188,0.061
3.468,3.04807,0.03448,47.188,0.061
3.474,3.04818,0.03453,47.188,0.061
3.480,3.04829,0.03459,47.188,0.061
3.486,3.04839,0.03464,47.188,0.061
3.492,3.04850,0.03470,47.188,0.061
3.498,3.04861,0.03475,47.188,0.061
3.504,3.04872,0.03481,47.188,0.061
3.510,3.04883,0.03486,47.188,0.061
3.516,3.04893,0.03492,47.188,0.061
3.522,3.04904,0.03497,47.188,0.061
3.528,3.04915,0.03503,47.189,0.061
3.534,3.04926,0.03508,47.189,0.061
3.540,3.04937,0.03514,47.189,0.061
3.546,3.04948,0.03519,47.189,0.061
3.552,3.04959,0.03525,47.189,0.061
3.558,3.04970,0.03530,47.189,0.061
3.564,3.04980,0.03536,47.189,0.061
3.570,3.04991,0.03541,47.189,0.061
3.576,3.05002,0.03547,47.189,0.061
3.582,3.05013,0.03552,47.189,0.061
3.588,3.05024,0.03558,47.189,0.061
3.594,3.05035,0.03563,47.190,0.061
3.600,3.05046,0.03569,47.190,0.061
3.606,3.05057,0.03574,47.190,0.061
3.612,3.05068,0.03580,47.190,0.061
3.618,3.05079,0.03585,47.190,0.062
3.624,3.05090,0.03591,47.190,0.062
3.630,3.05101,0.03596,47.190,0.062
3.636,3.05112,0.03602,47.190,0.062
3.642,3.05123,0.03607,47.190,0.062
3.648,3.05134,0.03613,47.190,0.062
3.654,3.05145,0.03618,47.190,0.062
3.660,3.05156,0.03624,47.191,0.062
3.666,3.05167,0.03629,47.191,0.062
3.672,3.05178,0.03635,47.191,0.062
3.678,3.05189,0.03640,47.191,0.062
3.684,3.05200,0.03646,47.191,0.062
3.690,3.05211,0.03651,47.191,0.062
3.696,3.05222,0.03657,47.191,0.062
3.702,3.05233,0.03662,47.191,0.062
3.708,3.05244,0.03668,47.191,0.062
3.714,3.05256,0.03673,47.191,0.062
3.720,3.05267,0.03679,47.191,0.062
3.726,3.05278,0.03684,47.192,0.062
3.732,3.05289,0.03690,47.192,0.062
3.738,3.05300,0.03695,47.192,0.062
3.744,3.05311,0.03701,47.192,0.062
3.750,3.05322,0.03706,47.192,0.062
3.756,3.05333,0.03712,47.192,0.062
3.762,3.05345,0.03717,47.192,0.062
3.768,3.05356,0.03723,47.192,0.062
3.774,3.05367,0.03728,47.192,0.062
3.780,3.05378,0.03734,47.192,0.062
3.786,3.05389,0.03739,47.192,0.062
3.792,3.05401,0.03745,47.192,0.062
3.798,3.05412,0.03750,47.193,0.062
3.804,3.05423,0.03756,47.193,0.062
3.810,3.05434,0.03761,47.193,0.062
3.816,3.05445,0.03767,47.193,0.062
3.822,3.05457,0.03772,47.193,0.062
3.828,3.05468,0.03778,47.193,0.062
3.834,3.05479,0.03783,47.193,0.062
3.840,3.05490,0.03789,47.193,0.062
3.846,3.05502,0.03794,47.193,0.062
3.852,3.05513,0.03800,47.193,0.062
3.858,3.05524,0.03805,47.193,0.062
3.864,3.05536,0.03811,47.193,0.062
3.870,3.05547,0.03816,47.194,0.062
3.876,3.05558,0.03822,47.194,0.062
3.882,3.05569,0.03827,47.194,0.062
3.888,3.05581,0.03833,47.194,0.062
3.894,3.05592,0.03838,47.194,0.062
3.900,3.05603,0.03844,47.194,0.062
3.906,3.05615,0.03849,47.194,0.062
3.912,3.05626,0.03855,47.194,0.062
3.918,3.05637,0.03860,47.194,0.063
3.924,3.05649,0.03866,47.194,0.063
3.930,3.05660,0.03871,47.194,0.063
3.936,3.05672,0.03877,47.194,0.063
3.942,3.05683,0.03882,47.195,0.063
3.948,3.05694,0.03888,47.195,0.063
3.954,3.05706,0.03893,47.195,0.063
3.960,3.05717,0.03899,47.195,0.063
3.966,3.05729,0.03904,47.195,0.063
3.972,3.05740,0.03910,47.195,0.063
3.978,3.05751,0.03915,47.195,0.063
3.984,3.05763,0.03920,47.195,0.063
3.990,3.05774,0.03926,47.195,0.063
3.996,3.05786,0.03931,47.195,0.063
4.002,3.05797,0.03937,47.195,0.063
4.008,3.05809,0.03942,47.195,0.063
4.014,3.05820,0.03948,47.196,0.063
4.020,3.05832,0.03953,47.196,0.063
4.026,3.05843,0.03959,47.196,0.063
4.032,3.05854,0.03964,47.196,0.063
4.038,3.05866,0.03970,47.196,0.063
4.044,3.05877,0.03975,47.196,0.063
4.050,3.05889,0.03981,47.196,0.063
4.056,3.05901,0.03986,47.196,0.063
4.062,3.05912,0.03992,47.196,0.063
4.068,3.05924,0.03997,47.196,0.063
4.074,3.05935,0.04003,47.196,0.063
4.080,3.05947,0.04008,47.196,0.063
4.086,3.05958,0.04014,47.197,0.063
4.092,3.05970,0.04019,47.197,0.063
4.098,3.05981,0.04025,47.197,0.063
4.104,3.05993,0.04030,47.197,0.063
4.110,3.06004,0.04036,47.197,0.063
4.116,3.06016,0.04041,47.197,0.063
4.122,3.06028,0.04047,47.197,0.063
4.128,3.06039,0.04052,47.197,0.063
4.134,3.06051,0.04058,47.197,0.063
4.140,3.06062,0.04063,47.197,0.063
4.146,3.06074,0.04069,47.197,0.063
4.152,3.06086,0.04074,47.197,0.063
4.158,3.06097,0.04080,47.197,0.063
4.164,3.06109,0.04085,47.198,0.063
4.170,3.06121,0.04091,47.198,0.063
4.176,3.06132,0.04096,47.198,0.063
4.182,3.06144,0.04101,47.198,0.063
4.188,3.06156,0.04107,47.198,0.063
4.194,3.06167,0.04112,47.198,0.063
4.200,3.06179,0.04118,47.198,0.063
4.206,3.06191,0.04123,47.198,0.063
4.212,3.06202,0.04129,47.198,0.063
4.218,3.06214,0.04134,47.198,0.063
4.224,3.06226,0.04140,47.198,0.063
4.230,3.06237,0.04145,47.198,0.063
4.236,3.06249,0.04151,47.198,0.063
4.242,3.06261,0.04156,47.199,0.063
4.248,3.06273,0.04162,47.199,0.063
4.254,3.06284,0.04167,47.199,0.064
4.260,3.06296,0.04173,47.199,0.064
4.266,3.06308,0.04178,47.199,0.064
4.272,3.06320,0.04184,47.199,0.064
4.278,3.06331,0.04189,47.199,0.064
4.284,3.06343,0.04195,47.199,0.064
4.290,3.06355,0.04200,47.199,0.064
4.296,3.06367,0.04206,47.199,0.064
4.302,3.06378,0.04211,47.199,0.064
4.308,3.06390,0.04217,47.199,0.064
4.314,3.06402,0.04222,47.199,0.064
4.320,3.06414,0.04227,47.200,0.064
4.326,3.06426,0.04233,47.200,0.064
4.332,3.06437,0.04238,47.200,0.064
4.338,3.06449,0.04244,47.200,0.064
4.344,3.06461,0.04249,47.200,0.064
4.350,3.06473,0.04255,47.200,0.064
4.356,3.06485,0.04260,47.200,0.064
4.362,3.06497,0.04266,47.200,0.064
4.368,3.06509,0.04271,47.200,0.064
4.374,3.06520,0.04277,47.200,0.064
4.380,3.06532,0.04282,47.200,0.064
4.386,3.06544,0.04288,47.200,0.064
4.392,3.06556,0.04293,47.200,0.064
4.398,3.06568,0.04299,47.201,0.064
4.404,3.06580,0.04304,47.201,0.064
4.410,3.06592,0.04310,47.201,0.064
4.416,3.06604,0.04315,47.201,0.064
4.422,3.06616,0.04321,47.201,0.064
4.428,3.06627,0.04326,47.201,0.064
4.434,3.06639,0.04331,47.201,0.064
4.440,3.06651,0.04337,47.201,0.064
4.446,3.06663,0.04342,47.201,0.064
4.452,3.06675,0.04348,47.201,0.064
4.458,3.06687,0.04353,47.201,0.064
4.464,3.06699,0.04359,47.201,0.064
4.470,3.06711,0.04364,47.201,0.064
4.476,3.06723,0.04370,47.202,0.064
4.482,3.06735,0.04375,47.202,0.064
4.488,3.06747,0.04381,47.202,0.064
4.494,3.06759,0.04386,47.202,0.064
4.500,3.06771,0.04392,47.202,0.064
4.506,3.06783,0.04397,47.202,0.064
4.512,3.06795,0.04403,47.202,0.064
4.518,3.06807,0.04408,47.202,0.064
4.524,3.06819,0.04414,47.202,0.064
4.530,3.06831,0.04419,47.202,0.064
4.536,3.06843,0.04424,47.202,0.064
4.542,3.06855,0.04430,47.202,0.064
4.548,3.06867,0.04435,47.202,0.064
4.554,3.06879,0.04441,47.202,0.064
4.560,3.06891,0.04446,47.203,0.064
4.566,3.06903,0.04452,47.203,0.064
4.572,3.06915,0.04457,47.203,0.064
4.578,3.06927,0.04463,47.203,0.064
4.584,3.06939,0.04468,47.203,0.064
4.590,3.06952,0.04474,47.203,0.064
4.596,3.06964,0.04479,47.203,0.064
4.602,3.06976,0.04485,47.203,0.064
4.608,3.06988,0.04490,47.203,0.064
4.614,3.07000,0.04496,47.203,0.064
4.620,3.07012,0.04501,47.203,0.064
4.626,3.07024,0.04506,47.203,0.064
4.632,3.07036,0.04512,47.203,0.065
4.638,3.07048,0.04517,47.203,0.065
4.644,3.07061,0.04523,47.204,0.065
4.650,3.07073,0.04528,47.204,0.065
4.656,3.07085,0.04534,47.204,0.065
4.662,3.07097,0.04539,47.204,0.065
4.668,3.07109,0.04545,47.204,0.065
4.674,3.07121,0.04550,47.204,0.065
4.680,3.07134,0.04556,47.204,0.065
4.686,3.07146,0.04561,47.204,0.065
4.692,3.07158,0.04567,47.204,0.065
4.698,3.07170,0.04572,47.204,0.065
4.704,3.07182,0.04577,47.204,0.065
4.710,3.07194,0.04583,47.204,0.065
4.716,3.07207,0.04588,47.204,0.065
4.722,3.07219,0.04594,47.204,0.065
4.728,3.07231,0.04599,47.205,0.065
4.734,3.07243,0.04605,47.205,0.065
4.740,3.07256,0.04610,47.205,0.065
4.746,3.07268,0.04616,47.205,0.065
4.752,3.07280,0.04621,47.205,0.065
4.758,3.07292,0.04627,47.205,0.065
4.764,3.07304,0.04632,47.205,0.065
4.770,3.07317,0.04638,47.205,0.065
4.776,3.07329,0.04643,47.205,0.065
4.782,3.07341,0.04649,47.205,0.065
4.788,3.07354,0.04654,47.205,0.065
4.794,3.07366,0.04659,47.205,0.065
4.800,3.07378,0.04665,47.205,0.065
4.806,3.07390,0.04670,47.205,0.065
4.812,3.07403,0.04676,47.205,0.065
4.818,3.07415,0.04681,47.206,0.065
4.824,3.07427,0.04687,47.206,0.065
4.830,3.07440,0.04692,47.206,0.065
4.836,3.07452,0.04698,47.206,0.065
4.842,3.07464,0.04703,47.206,0.065
4.848,3.07477,0.04709,47.206,0.065
4.854,3.07489,0.04714,47.206,0.065
4.860,3.07501,0.04719,47.206,0.065
4.866,3.07514,0.04725,47.206,0.065
4.872,3.07526,0.04730,47.206,0.065
4.878,3.07538,0.04736,47.206,0.065
4.884,3.07551,0.04741,47.206,0.065
4.890,3.07563,0.04747,47.206,0.065
4.896,3.07575,0.04752,47.206,0.065
4.902,3.07588,0.04758,47.207,0.065
4.908,3.07600,0.04763,47.207,0.065
4.914,3.07612,0.04769,47.207,0.065
4.920,3.07625,0.04774,47.207,0.065
4.926,3.07637,0.04780,47.207,0.065
4.932,3.07650,0.04785,47.207,0.065
4.938,3.07662,0.04790,47.207,0.065
4.944,3.07674,0.04796,47.207,0.065
4.950,3.07687,0.04801,47.207,0.065
4.956,3.07699,0.04807,47.207,0.065
4.962,3.07712,0.04812,47.207,0.065
4.968,3.07724,0.04818,47.207,0.065
4.974,3.07737,0.04823,47.207,0.065
4.980,3.07749,0.04829,47.207,0.065
4.986,3.07761,0.04834,47.207,0.065
4.992,3.07774,0.04840,47.208,0.065
4.998,3.07786,0.04845,47.208,0.065
5.004,3.07799,0.04850,47.208,0.065
5.010,3.07811,0.04856,47.208,0.065
5.016,3.07824,0.04861,47.208,0.065
5.022,3.07836,0.04867,47.208,0.065
5.028,3.07849,0.04872,47.208,0.065
5.034,3.07861,0.04878,47.208,0.065
5.040,3.07874,0.04883,47.208,0.065
5.046,3.07886,0.04889,47.208,0.065
5.052,3.07899,0.04894,47.208,0.066
5.058,3.07911,0.04900,47.208,0.066
5.064,3.07924,0.04905,47.208,0.066
5.070,3.07936,0.04910,47.208,0.066
5.076,3.07949,0.04916,47.208,0.066
5.082,3.07961,0.04921,47.209,0.066
5.088,3.07974,0.04927,47.209,0.066
5.094,3.07986,0.04932,47.209,0.066
5.100,3.07999,0.04938,47.209,0.066
5.106,3.08012,0.04943,47.209,0.066
5.112,3.08024,0.04949,47.209,0.066
5.118,3.08037,0.04954,47.209,0.066
5.124,3.08049,0.04960,47.209,0.066
5.130,3.08062,0.04965,47.209,0.066
5.136,3.08074,0.04970,47.209,0.066
5.142,3.08087,0.04976,47.209,0.066
5.148,3.08099,0.04981,47.209,0.066
5.154,3.08112,0.04987,47.209,0.066
5.160,3.08125,0.04992,47.209,0.066
5.166,3.08137,0.04998,47.209,0.066
5.172,3.08150,0.05003,47.209,0.066
5.178,3.08162,0.05009,47.210,0.066
5.184,3.08175,0.05014,47.210,0.066
5.190,3.08188,0.05020,47.210,0.066
5.196,3.08200,0.05025,47.210,0.066
5.202,3.08213,0.05030,47.210,0.066
5.208,3.08226,0.05036,47.210,0.066
5.214,3.08238,0.05041,47.210,0.066
5.220,3.08251,0.05047,47.210,0.066
5.226,3.08264,0.05052,47.210,0.066
5.232,3.08276,0.05058,47.210,0.066
5.238,3.08289,0.05063,47.210,0.066
5.244,3.08302,0.05069,47.210,0.066
5.250,3.08314,0.05074,47.210,0.066
5.256,3.08327,0.05079,47.210,0.066
5.262,3.08340,0.05085,47.210,0.066
5.268,3.08352,0.05090,47.211,0.066
5.274,3.08365,0.05096,47.211,0.066
5.280,3.08378,0.05101,47.211,0.066
5.286,3.08390,0.05107,47.211,0.066
5.292,3.08403,0.05112,47.211,0.066
5.298,3.08416,0.05118,47.211,0.066
5.304,3.08428,0.05123,47.211,0.066
5.310,3.08441,0.05129,47.211,0.066
5.316,3.08454,0.05134,47.211,0.066
5.322,3.08467,0.05139,47.211,0.066
5.328,3.08479,0.05145,47.211,0.066
5.334,3.08492,0.05150,47.211,0.066
5.340,3.08505,0.05156,47.211,0.066
5.346,3.08517,0.05161,47.211,0.066
5.352,3.08530,0.05167,47.211,0.066
5.358,3.08543,0.05172,47.211,0.066
5.364,3.08556,0.05178,47.212,0.066
5.370,3.08568,0.05183,47.212,0.066
5.376,3.08581,0.05188,47.212,0.066
5.382,3.08594,0.05194,47.212,0.066
5.388,3.08607,0.05199,47.212,0.066
5.394,3.08620,0.05205,47.212,0.066
5.400,3.08632,0.05210,47.212,0.066
5.406,3.08645,0.05216,47.212,0.066
5.412,3.08658,0.05221,47.212,0.066
5.418,3.08671,0.05227,47.212,0.066
5.424,3.08684,0.05232,47.212,0.066
5.430,3.08696,0.05237,47.212,0.066
5.436,3.08709,0.05243,47.212,0.066
5.442,3.08722,0.05248,47.212,0.066
5.448,3.08735,0.05254,47.212,0.066
5.454,3.08748,0.05259,47.212,0.066
5.460,3.08760,0.05265,47.212,0.066
5.466,3.08773,0.05270,47.213,0.066
5.472,3.08786,0.05276,47.213,0.066
5.478,3.08799,0.05281,47.213,0.066
5.484,3.08812,0.05286,47.213,0.066
5.490,3.08825,0.05292,47.213,0.066
5.496,3.08838,0.05297,47.213,0.066
5.502,3.08850,0.05303,47.213,0.066
5.508,3.08863,0.05308,47.213,0.066
5.514,3.08876,0.05314,47.213,0.066
5.520,3.08889,0.05319,47.213,0.066
5.526,3.08902,0.05325,47.213,0.067
5.532,3.08915,0.05330,47.213,0.067
5.538,3.08928,0.05335,47.213,0.067
5.544,3.08941,0.05341,47.213,0.067
5.550,3.08953,0.05346,47.213,0.067
5.556,3.08966,0.05352,47.213,0.067
5.562,3.08979,0.05357,47.214,0.067
5.568,3.08992,0.05363,47.214,0.067
5.574,3.09005,0.05368,47.214,0.067
5.580,3.09018,0.05374,47.214,0.067
5.586,3.09031,0.05379,47.214,0.067
5.592,3.09044,0.05384,47.214,0.067
5.598,3.09057,0.05390,47.214,0.067
5.604,3.09070,0.05395,47.214,0.067
5.610,3.09083,0.05401,47.214,0.067
5.616,3.09096,0.05406,47.214,0.067
5.622,3.09108,0.05412,47.214,0.067
5.628,3.09121,0.05417,47.214,0.067
5.634,3.09134,0.05423,47.214,0.067
5.640,3.09147,0.05428,47.214,0.067
5.646,3.09160,0.05433,47.214,0.067
5.652,3.09173,0.05439,47.214,0.067
5.658,3.09186,0.05444,47.214,0.067
5.664,3.09199,0.05450,47.215,0.067
5.670,3.09212,0.05455,47.215,0.067
5.676,3.09225,0.05461,47.215,0.067
5.682,3.09238,0.05466,47.215,0.067
5.688,3.09251,0.05472,47.215,0.067
5.694,3.09264,0.05477,47.215,0.067
5.700,3.09277,0.05482,47.215,0.067
5.706,3.09290,0.05488,47.215,0.067
5.712,3.09303,0.05493,47.215,0.067
5.718,3.09316,0.05499,47.215,0.067
5.724,3.09329,0.05504,47.215,0.067
5.730,3.09342,0.05510,47.215,0.067
5.736,3.09355,0.05515,47.215,0.067
5.742,3.09368,0.05520,47.215,0.067
5.748,3.09381,0.05526,47.215,0.067
5.754,3.09394,0.05531,47.215,0.067
5.760,3.09407,0.05537,47.215,0.067
5.766,3.09420,0.05542,47.216,0.067
5.772,3.09433,0.05548,47.216,0.067
5.778,3.09447,0.05553,47.216,0.067
5.784,3.09460,0.05559,47.216,0.067
5.790,3.09473,0.05564,47.216,0.067
5.796,3.09486,0.05569,47.216,0.067
5.802,3.09499,0.05575,47.216,0.067
5.808,3.09512,0.05580,47.216,0.067
5.814,3.09525,0.05586,47.216,0.067
5.820,3.09538,0.05591,47.216,0.067
5.826,3.09551,0.05597,47.216,0.067
5.832,3.09564,0.05602,47.216,0.067
5.838,3.09577,0.05608,47.216,0.067
5.844,3.09590,0.05613,47.216,0.067
5.850,3.09603,0.05618,47.216,0.067
5.856,3.09617,0.05624,47.216,0.067
5.862,3.09630,0.05629,47.216,0.067
5.868,3.09643,0.05635,47.217,0.067
5.874,3.09656,0.05640,47.217,0.067
5.880,3.09669,0.05646,47.217,0.067
5.886,3.09682,0.05651,47.217,0.067
5.892,3.09695,0.05656,47.217,0.067
5.898,3.09708,0.05662,47.217,0.067
5.904,3.09722,0.05667,47.217,0.067
5.910,3.09735,0.05673,47.217,0.067
5.916,3.09748,0.05678,47.217,0.067
5.922,3.09761,0.05684,47.217,0.067
5.928,3.09774,0.05689,47.217,0.067
5.934,3.09787,0.05695,47.217,0.067
5.940,3.09800,0.05700,47.217,0.067
5.946,3.09814,0.05705,47.217,0.067
5.952,3.09827,0.05711,47.217,0.067
5.958,3.09840,0.05716,47.217,0.067
5.964,3.09853,0.05722,47.217,0.067
5.970,3.09866,0.05727,47.217,0.067
5.976,3.09879,0.05733,47.218,0.067
5.982,3.09893,0.05738,47.218,0.067
5.988,3.09906,0.05743,47.218,0.067
5.994,3.09919,0.05749,47.218,0.067
6.000,3.09932,0.05754,47.218,0.067
