# f_ghz,s_T1.Pg_db,s_T1.Pg_deg,s_T1.Pg_re,s_T1.Pg_im,re_zin,im_zin
54,-2.81455,178.455,-0.722961,0.0195005,8.03219,0.656809
54.025,-2.82318,177.346,-0.72173,0.0334555,8.05918,1.12817
54.05,-2.83435,176.263,-0.720042,0.0470341,8.09467,1.58858
54.075,-2.84585,175.206,-0.718101,0.0602238,8.13237,2.03769
54.1,-2.85578,174.171,-0.716077,0.0731081,8.16689,2.47802
54.125,-2.86295,173.146,-0.714064,0.0858325,8.19495,2.91414
54.15,-2.86715,172.12,-0.712068,0.0985601,8.21596,3.35137
54.175,-2.86905,171.081,-0.71001,0.111425,8.23195,3.79443
54.2,-2.87002,170.023,-0.707753,0.124499,8.24691,4.24632
54.225,-2.87172,168.945,-0.705146,0.137769,8.26563,4.70763
54.25,-2.8757,167.85,-0.702064,0.151149,8.29252,5.17656
54.275,-2.88299,166.747,-0.698437,0.164498,8.3305,5.64946
54.3,-2.89392,165.646,-0.694275,0.17766,8.38039,6.12169
54.325,-2.90798,164.559,-0.689659,0.190499,8.44068,6.58886
54.35,-2.92405,163.491,-0.684723,0.202938,8.50799,7.04773
54.375,-2.94058,162.448,-0.679618,0.214965,8.57782,7.49705
54.4,-2.95599,161.426,-0.674481,0.226643,8.6456,7.93777
54.425,-2.96899,160.421,-0.669398,0.238086,8.70773,8.37278
54.45,-2.97889,159.423,-0.66439,0.24943,8.76235,8.80627
54.475,-2.98571,158.421,-0.659412,0.260798,8.8097,9.24269
54.5,-2.9901,157.409,-0.654369,0.272273,8.85195,9.68576
54.525,-2.99322,156.379,-0.649139,0.283882,8.8926,10.1377
54.55,-2.99639,155.332,-0.643609,0.295586,8.93559,10.599
54.575,-3.00078,154.271,-0.637701,0.307301,8.98439,11.0679
54.6,-3.00718,153.201,-0.631388,0.318918,9.04119,11.5419
54.625,-3.01581,152.131,-0.624698,0.330331,9.10653,12.0174
54.65,-3.02632,151.066,-0.617706,0.341464,9.17923,12.4915
54.675,-3.03793,150.013,-0.610509,0.352291,9.25679,12.9621
54.7,-3.04959,148.973,-0.603199,0.362833,9.33609,13.4288
54.725,-3.0603,147.943,-0.595846,0.373154,9.41418,13.8927
54.75,-3.06934,146.919,-0.58847,0.383342,9.48905,14.3564
54.775,-3.07642,145.895,-0.58105,0.39348,9.56011,14.8229
54.8,-3.08176,144.863,-0.573521,0.403626,9.62833,15.2953
54.825,-3.08603,143.82,-0.565798,0.413798,9.696,15.7761
54.85,-3.09014,142.762,-0.5578,0.423971,9.76616,16.266
54.875,-3.09506,141.691,-0.549465,0.434079,9.84186,16.7645
54.9,-3.10156,140.61,-0.540772,0.444037,9.92549,17.27
54.925,-3.11006,139.524,-0.531739,0.453761,10.0182,17.7797
54.95,-3.12054,138.439,-0.522423,0.463186,10.1198,18.291
54.975,-3.13259,137.361,-0.512898,0.472284,10.2289,18.8018
55,-3.14552,136.291,-0.503239,0.481065,10.3432,19.3109
55.025,-3.15855,135.229,-0.4935,0.489569,10.4602,19.8188
55.05,-3.17105,134.174,-0.483704,0.497857,10.5782,20.327
55.075,-3.18267,133.121,-0.473837,0.505987,10.6962,20.8378
55.1,-3.19345,132.065,-0.463854,0.513996,10.815,21.3537
55.125,-3.20383,131.001,-0.453695,0.52189,10.9363,21.8767
55.15,-3.21451,129.929,-0.443304,0.529637,11.0627,22.4077
55.175,-3.22633,128.848,-0.432646,0.537173,11.1973,22.946
55.2,-3.23998,127.762,-0.421722,0.544422,11.3422,23.4899
55.225,-3.2559,126.676,-0.410572,0.551307,11.4989,24.0362
55.25,-3.27409,125.596,-0.39927,0.557779,11.667,24.5818
55.275,-3.29413,124.528,-0.387909,0.563821,11.8447,25.1236
55.3,-3.31521,123.476,-0.376581,0.569462,12.0288,25.66
55.325,-3.33628,122.442,-0.365357,0.574768,12.2156,26.1906
55.35,-3.35631,121.425,-0.354273,0.579828,12.4015,26.7171
55.375,-3.37441,120.419,-0.34332,0.58474,12.584,27.2425
55.4,-3.39011,119.417,-0.332448,0.589583,12.7617,27.7709
55.425,-3.40339,118.414,-0.321576,0.594407,12.9357,28.3067
55.45,-3.41471,117.4,-0.310611,0.599219,13.1083,28.8535
55.475,-3.42491,116.373,-0.299466,0.603982,13.2834,29.4137
55.5,-3.43505,115.329,-0.288077,0.608626,13.4656,29.988
55.525,-3.44624,114.27,-0.276418,0.613058,13.6591,30.5752
55.55,-3.45941,113.198,-0.264502,0.617184,13.8676,31.1728
55.575,-3.47523,112.12,-0.252378,0.620922,14.0932,31.7771
55.6,-3.49398,111.041,-0.240121,0.624216,14.3368,32.3839
55.625,-3.51561,109.967,-0.22782,0.62704,14.5976,32.9896
55.65,-3.53975,108.905,-0.21556,0.629402,14.8737,33.5908
55.675,-3.56587,107.859,-0.203415,0.631334,15.1625,34.1854
55.7,-3.59331,106.83,-0.191443,0.632881,15.4612,34.7723
55.725,-3.62143,105.821,-0.179681,0.634099,15.767,35.3509
55.75,-3.64963,104.831,-0.168152,0.635044,16.0772,35.9216
55.775,-3.67736,103.86,-0.156868,0.635768,16.3896,36.4851
55.8,-3.70411,102.908,-0.145835,0.636324,16.7019,37.042
55.825,-3.72936,101.974,-0.135051,0.636763,17.0118,37.5936
55.85,-3.75252,101.057,-0.124507,0.637142,17.3169,38.1416
55.875,-3.77298,100.154,-0.114184,0.637521,17.6148,38.6883
55.9,-3.79012,99.2625,-0.104042,0.637961,17.9033,39.2374
55.925,-3.80342,98.3764,-0.0940192,0.638515,18.1811,39.7933
55.95,-3.81257,97.4894,-0.0840349,0.63922,18.448,40.3616
55.975,-3.81758,96.5938,-0.0739902,0.640086,18.7061,40.9481
56,-3.81888,95.6816,-0.0637815,0.641087,18.9592,41.5582
56.025,-3.8173,94.7461,-0.0533148,0.64216,19.2132,42.1962
56.05,-3.81407,93.7823,-0.0425218,0.643206,19.4753,42.8642
56.075,-3.81058,92.7885,-0.0313727,0.644105,19.7533,43.5618
56.1,-3.80828,91.7665,-0.0198841,0.644732,20.0545,44.2858
56.125,-3.80842,90.7212,-0.00811854,0.644978,20.3846,45.0309
56.15,-3.81186,89.6601,0.00382518,0.644762,20.7469,45.7901
56.175,-3.81897,88.5922,0.015828,0.644051,21.1417,46.5558
56.2,-3.82959,87.5264,0.0277712,0.642859,21.5665,47.3214
56.225,-3.84303,86.4701,0.0395565,0.641244,22.0164,48.0821
56.25,-3.8583,85.428,0.051122,0.639294,22.4851,48.8359
56.275,-3.87424,84.4017,0.0624501,0.637106,22.9665,49.5839
56.3,-3.88975,83.3892,0.0735662,0.634768,23.4559,50.3301
56.325,-3.90404,82.3861,0.0845286,0.632342,23.9509,51.08
56.35,-3.91673,81.3861,0.0954116,0.62985,24.4523,51.8399
56.375,-3.92792,80.3831,0.106286,0.627275,24.9636,52.615
56.4,-3.9381,79.3719,0.117202,0.624568,25.4904,53.4085
56.425,-3.94806,78.3499,0.128176,0.621665,26.0393,54.2208
56.45,-3.95866,77.3171,0.139191,0.618499,26.6163,55.0495
56.475,-3.97062,76.2762,0.150197,0.615021,27.2256,55.8898
56.5,-3.98437,75.2318,0.161126,0.611213,27.8689,56.7361
56.525,-3.99996,74.1893,0.171911,0.607089,28.5448,57.5829
56.55,-4.01704,73.1533,0.1825,0.602696,29.2498,58.4264
56.575,-4.03496,72.127,0.192868,0.598094,29.9791,59.2655
56.6,-4.05294,71.1108,0.203024,0.59335,30.7281,60.1022
56.625,-4.07023,70.1029,0.213005,0.588515,31.4939,60.9412
56.65,-4.08631,69.099,0.222871,0.583611,32.2766,61.7884
56.675,-4.10102,68.0938,0.232681,0.57863,33.0799,62.65
56.7,-4.11463,67.0817,0.242485,0.573531,33.9104,63.5303
56.725,-4.12776,66.0587,0.252304,0.568251,34.7768,64.4306
56.75,-4.14126,65.0229,0.262128,0.562722,35.6884,65.3483
56.775,-4.15606,63.9751,0.27191,0.556884,36.6531,66.2772
56.8,-4.17296,62.9189,0.281581,0.550705,37.676,67.2081
56.825,-4.19245,61.8598,0.291058,0.544183,38.7582,68.1308
56.85,-4.21464,60.8041,0.300267,0.537354,39.8966,69.0353
56.875,-4.23921,59.758,0.309152,0.530281,41.0846,69.9146
56.9,-4.26549,58.7263,0.317687,0.523043,42.3136,70.7652
56.925,-4.2926,57.7114,0.325882,0.515722,43.575,71.5879
56.95,-4.3196,56.7132,0.333778,0.508385,44.862,72.3878
56.975,-4.34565,55.7292,0.341434,0.501072,46.1715,73.1724
57,-4.37019,54.755,0.348917,0.493798,47.5047,73.95
57.025,-4.393,53.7854,0.356286,0.486543,48.8668,74.7273
57.05,-4.41418,52.8154,0.363584,0.479272,50.2661,75.5083
57.075,-4.43412,51.8413,0.370827,0.471936,51.7121,76.2932
57.1,-4.45335,50.8609,0.378009,0.464493,53.2134,77.0781
57.125,-4.47241,49.8741,0.385108,0.45691,54.7768,77.8568
57.15,-4.49171,48.8819,0.392089,0.449174,56.406,78.6214
57.175,-4.51148,47.8865,0.398924,0.441289,58.1017,79.3646
57.2,-4.53175,46.8899,0.405592,0.433272,59.8629,80.0805
57.225,-4.55235,45.8935,0.412086,0.425144,61.6879,80.7659
57.25,-4.57305,44.8979,0.418413,0.416924,63.5759,81.4195
57.275,-4.59364,43.902,0.424588,0.408619,65.5287,82.0408
57.3,-4.61401,42.9043,0.430628,0.400224,67.5505,82.6289
57.325,-4.63424,41.9026,0.436541,0.391722,69.6476,83.1801
57.35,-4.65457,40.8954,0.442323,0.38309,71.827,83.6877
57.375,-4.67539,39.8817,0.447956,0.374306,74.0945,84.1406
57.4,-4.69715,38.8623,0.453407,0.365361,76.4522,84.525
57.425,-4.72019,37.839,0.458641,0.35626,78.898,84.8257
57.45,-4.74471,36.815,0.463624,0.347025,81.4244,85.029
57.475,-4.77069,35.7935,0.468334,0.337693,84.0205,85.1244
57.5,-4.79785,34.7776,0.472767,0.328308,86.6736,85.1067
57.525,-4.82572,33.7693,0.476939,0.318912,89.3722,84.9757
57.55,-4.85374,32.7688,0.480881,0.309536,92.1088,84.7353
57.575,-4.88137,31.7746,0.484635,0.300189,94.8817,84.3904
57.6,-4.90823,30.7837,0.488242,0.290862,97.6947,83.9436
57.625,-4.93418,29.7922,0.491731,0.281528,100.556,83.392
57.65,-4.95938,28.796,0.495112,0.272145,103.473,82.7253
57.675,-4.98425,27.792,0.498376,0.262675,106.452,81.926
57.7,-5.00938,26.7787,0.50149,0.253087,109.49,80.971
57.725,-5.03542,25.7563,0.504412,0.243368,112.575,79.8359
57.75,-5.0629,24.7272,0.507094,0.233529,115.687,78.4993
57.775,-5.09217,23.6948,0.5095,0.2236,118.796,76.9476
57.8,-5.12327,22.6634,0.511608,0.213626,121.87,75.1772
57.825,-5.15593,21.6367,0.513419,0.203657,124.88,73.1955
57.85,-5.18966,20.6172,0.514957,0.193736,127.802,71.0176
57.875,-5.22385,19.6056,0.516261,0.183889,130.622,68.662
57.9,-5.25789,18.6005,0.517376,0.174121,133.337,66.1445
57.925,-5.29134,17.5986,0.518342,0.164414,135.949,63.4737
57.95,-5.32404,16.5957,0.519182,0.154732,138.462,60.6488
57.975,-5.35614,15.5872,0.5199,0.145033,140.871,57.6602
58,-5.38812,14.5694,0.520474,0.135277,143.167,54.4933
58.025,-5.42064,13.5404,0.520866,0.125437,145.323,51.1354
58.05,-5.45447,12.5002,0.521024,0.11551,147.304,47.5818
58.075,-5.49029,11.451,0.520899,0.105514,149.069,43.8417
58.1,-5.52859,10.3967,0.520452,0.0954897,150.577,39.9398
58.125,-5.56956,9.34208,0.519665,0.0854903,151.796,35.9157
58.15,-5.61308,8.29193,0.51854,0.0755721,152.707,31.8178
58.175,-5.65874,7.25005,0.517102,0.0657842,153.31,27.6966
58.2,-5.70596,6.21864,0.515394,0.0561593,153.618,23.5966
58.225,-5.75409,5.19794,0.513459,0.0467098,153.656,19.5517
58.25,-5.80258,4.18634,0.511341,0.037428,153.448,15.5828
58.275,-5.85107,3.18086,0.50907,0.0282908,153.021,11.6995
58.3,-5.89945,2.17794,0.506656,0.0192685,152.39,7.90471
58.325,-5.94791,1.17427,0.504096,0.0103328,151.565,4.19986
58.35,-5.9968,0.167502,0.50137,0.00146574,150.548,0.589515
58.375,-6.04662,-0.843201,0.498451,-0.00733605,149.34,-2.91569
58.4,-6.09784,-1.85712,0.495313,-0.0160602,147.942,-6.29894
58.425,-6.15082,-2.87223,0.491941,-0.0246817,146.364,-9.53943
58.45,-6.20574,-3.88572,0.48833,-0.0331688,144.621,-12.6162
58.475,-6.26256,-4.89472,0.48449,-0.0414905,142.734,-15.5121
58.5,-6.32105,-5.89694,0.480445,-0.0496232,140.732,-18.217
58.525,-6.38085,-6.89123,0.476221,-0.0575551,138.642,-20.7289
58.55,-6.4416,-7.87776,0.471848,-0.0652876,136.49,-23.0529
58.575,-6.503,-8.85793,0.467347,-0.072833,134.294,-25.1996
58.6,-6.56491,-9.83404,0.462728,-0.0802101,132.068,-27.1812
58.625,-6.62739,-10.8086,0.457991,-0.0874379,129.819,-29.0087
58.65,-6.6907,-11.7839,0.453121,-0.0945294,127.551,-30.6901
58.675,-6.75527,-12.7613,0.448099,-0.101487,125.266,-32.2291
58.7,-6.82159,-13.7408,0.442904,-0.108303,122.965,-33.6255
58.725,-6.89016,-14.7212,0.437518,-0.114954,120.656,-34.8768
58.75,-6.96142,-15.7001,0.431932,-0.121412,118.345,-35.98
58.775,-7.03565,-16.6741,0.426149,-0.127641,116.046,-36.9335
58.8,-7.11295,-17.6396,0.420181,-0.133609,113.772,-37.7383
58.825,-7.19328,-18.5927,0.414054,-0.139286,111.536,-38.3989
58.85,-7.27642,-19.5302,0.407798,-0.14465,109.354,-38.9235
58.875,-7.36205,-20.4494,0.401447,-0.149691,107.236,-39.3227
58.9,-7.4498,-21.3485,0.395038,-0.154404,105.19,-39.6091
58.925,-7.53928,-22.2268,0.388601,-0.158797,103.223,-39.7961
58.95,-7.63017,-23.0841,0.382161,-0.16288,101.337,-39.8967
58.975,-7.72223,-23.9212,0.375737,-0.16667,99.5301,-39.9226
59,-7.8154,-24.739,0.369337,-0.170181,97.801,-39.8832
59.025,-7.90978,-25.5385,0.362961,-0.173423,96.1453,-39.7855
59.05,-8.00572,-26.3199,0.356602,-0.176398,94.5587,-39.633
59.075,-8.10375,-27.0818,0.350249,-0.179091,93.0382,-39.4257
59.1,-8.20453,-27.8205,0.343898,-0.181474,91.5836,-39.1611
59.125,-8.30871,-28.5286,0.337555,-0.183496,90.1989,-38.8348
59.15,-8.41671,-29.195,0.331254,-0.185094,88.8936,-38.4426
59.175,-8.52834,-29.8044,0.325062,-0.186198,87.6831,-37.9833
59.2,-8.64252,-30.3386,0.31909,-0.18675,86.5879,-37.4612
59.225,-8.75688,-30.7782,0.313493,-0.186717,85.6316,-36.8893
59.25,-8.86753,-31.1063,0.308464,-0.186124,84.838,-36.291
59.275,-8.96896,-31.3136,0.304215,-0.185064,84.2267,-35.7015
59.3,-9.05445,-31.403,0.300949,-0.183722,83.8087,-35.1671
59.325,-9.11669,-31.3954,0.298824,-0.18237,83.5811,-34.7434
59.35,-9.14908,-31.3319,0.297913,-0.181362,83.5228,-34.4914
59.375,-9.14703,-31.2728,0.298171,-0.181097,83.5901,-34.471
59.4,-9.10934,-31.2914,0.299408,-0.181982,83.7145,-34.7329
59.425,-9.03895,-31.464,0.30129,-0.184371,83.8043,-35.3074
59.45,-8.94287,-31.8584,0.303351,-0.188514,83.7504,-36.1931
59.475,-8.83133,-32.5237,0.305034,-0.194506,83.4394,-37.3467
59.5,-8.71641,-33.4844,0.305748,-0.202251,82.7719,-38.6793
59.525,-8.6105,-34.7389,0.304943,-0.211459,81.6847,-40.0628
59.55,-8.52499,-36.2626,0.302173,-0.221664,80.1679,-41.3477
59.575,-8.4694,-38.0121,0.29716,-0.232268,78.2713,-42.3899
59.6,-8.4508,-39.9313,0.289835,-0.242609,76.0961,-43.0773
59.625,-8.47358,-41.9569,0.280342,-0.25204,73.7735,-43.3482
59.65,-8.53944,-44.0233,0.269024,-0.260005,71.439,-43.1954
59.675,-8.64752,-46.0674,0.256369,-0.266104,69.2102,-42.6586
59.7,-8.79466,-48.0331,0.24294,-0.270126,67.1724,-41.8082
59.725,-8.97582,-49.8752,0.229299,-0.272062,65.3748,-40.7279
59.75,-9.18474,-51.5625,0.215931,-0.272072,63.8333,-39.5002
59.775,-9.41479,-53.0805,0.203195,-0.270438,62.5375,-38.1956
59.8,-9.65995,-54.4303,0.191292,-0.267492,61.4597,-36.867
59.825,-9.91582,-55.6261,0.180278,-0.263547,60.5639,-35.5472
59.85,-10.1804,-56.6886,0.170099,-0.258839,59.814,-34.25
59.875,-10.4543,-57.637,0.160644,-0.253497,59.1804,-32.9739
59.9,-10.7406,-58.4798,0.151811,-0.247537,58.6448,-31.7071
59.925,-11.0437,-59.2074,0.143558,-0.240892,58.202,-30.434
59.95,-11.3679,-59.7881,0.135939,-0.233456,57.859,-29.1418
59.975,-11.716,-60.1679,0.129109,-0.225144,57.6315,-27.8251
60,-12.0877,-60.2749,0.123298,-0.215944,57.5393,-26.4885
60.025,-12.4779,-60.0282,0.118769,-0.205948,57.6007,-25.1469
60.05,-12.8763,-59.3511,0.115761,-0.195361,57.8282,-23.8232
60.075,-13.2674,-58.1875,0.114434,-0.184474,58.2258,-22.5447
60.1,-13.6319,-56.5187,0.114837,-0.173622,58.788,-21.3384
60.125,-13.9497,-54.3738,0.116898,-0.163123,59.501,-20.2266
60.15,-14.2038,-51.8278,0.120452,-0.153221,60.3461,-19.2228
60.175,-14.3832,-48.9837,0.125292,-0.144049,61.3052,-18.3301
60.2,-14.4836,-45.9435,0.13123,-0.135624,62.3668,-17.5417
60.225,-14.5051,-42.7845,0.138163,-0.127871,63.532,-16.8448
60.25,-14.4472,-39.5534,0.146121,-0.120682,64.8191,-16.2278
60.275,-14.3055,-36.2848,0.155277,-0.113999,66.2645,-15.6903
60.3,-14.0707,-33.0349,0.165915,-0.10789,67.9189,-15.253
60.325,-13.7318,-29.9131,0.178369,-0.102621,69.8397,-14.9678
60.35,-13.2833,-27.0896,0.192917,-0.0986763,72.0781,-14.9256
60.375,-12.7308,-24.7693,0.209676,-0.0967477,74.6622,-15.2605
60.4,-12.0936,-23.1418,0.228502,-0.0976615,77.5736,-16.1491
60.425,-11.4012,-22.335,0.248926,-0.10227,80.7191,-17.7993
60.45,-10.6871,-22.3944,0.270141,-0.111313,83.8983,-20.4213
60.475,-9.98248,-23.2907,0.291045,-0.125288,86.7809,-24.1722
60.5,-9.31293,-24.9421,0.310337,-0.144331,88.9143,-29.0717
60.525,-8.69728,-27.2378,0.326658,-0.168152,89.7949,-34.9107
60.55,-8.14808,-30.0564,0.33875,-0.196022,89.0126,-41.2092
60.575,-7.6727,-33.2772,0.345608,-0.226826,86.423,-47.2871
60.6,-7.27443,-36.7856,0.346614,-0.259165,82.2431,-52.4541
60.625,-6.95338,-40.4754,0.341614,-0.291512,76.9908,-56.2275
60.65,-6.70704,-44.2497,0.330938,-0.322382,71.3005,-58.4476
60.675,-6.53063,-48.021,0.315357,-0.350498,65.7303,-59.2473
60.7,-6.41727,-51.7127,0.295973,-0.374937,60.6557,-58.9308
60.725,-6.35816,-55.2605,0.274062,-0.395214,56.2586,-57.8492
60.75,-6.34272,-58.6159,0.250907,-0.411308,52.5713,-56.3192
60.775,-6.35909,-61.7492,0.227621,-0.423608,49.5317,-54.5877
60.8,-6.39483,-64.6532,0.205022,-0.432812,47.0295,-52.826
60.825,-6.43799,-67.3451,0.183554,-0.439772,44.9374,-51.1373
60.85,-6.47839,-69.8651,0.163279,-0.445341,43.1314,-49.5688
60.875,-6.50886,-72.2717,0.143929,-0.450222,41.5038,-48.1234
60.9,-6.52607,-74.6329,0.125011,-0.454868,39.9722,-46.7725
60.925,-6.53073,-77.0155,0.105935,-0.459425,38.4842,-45.4686
60.95,-6.52707,-79.4756,0.0861543,-0.463744,37.0186,-44.1588
60.975,-6.52172,-82.0509,0.0652703,-0.467435,35.5811,-42.797
61,-6.52237,-84.7582,0.0431157,-0.469961,34.1964,-41.3519
61.025,-6.53646,-87.5941,0.0197794,-0.470754,32.898,-39.812
61.05,-6.57022,-90.5387,-0.00441275,-0.469321,31.7189,-38.1839
61.075,-6.62796,-93.5612,-0.0289598,-0.465331,30.6843,-36.4882
61.1,-6.7119,-96.6252,-0.0532735,-0.458665,29.8081,-34.7537
61.125,-6.82207,-99.6942,-0.076774,-0.449418,29.0921,-33.011
61.15,-6.95666,-102.737,-0.0989737,-0.437871,28.5276,-31.2883
61.175,-7.11246,-105.729,-0.119535,-0.424426,28.0982,-29.6077
61.2,-7.2854,-108.66,-0.138294,-0.409525,27.7829,-27.984
61.225,-7.47129,-111.527,-0.155247,-0.393581,27.5593,-26.4236
61.25,-7.6665,-114.341,-0.170509,-0.376917,27.4066,-24.9258
61.275,-7.8685,-117.121,-0.184254,-0.359739,27.3078,-23.4836
61.3,-8.0763,-119.89,-0.196658,-0.342133,27.2513,-22.0867
61.325,-8.29049,-122.672,-0.207844,-0.324093,27.2317,-20.7231
61.35,-8.51313,-125.487,-0.21785,-0.305563,27.2489,-19.382
61.375,-8.74726,-128.346,-0.226629,-0.286489,27.3072,-18.0557
61.4,-8.99633,-131.253,-0.234058,-0.266863,27.4134,-16.7405
61.425,-9.26362,-134.203,-0.239981,-0.246753,27.5744,-15.4371
61.45,-9.55167,-137.183,-0.244249,-0.226312,27.796,-14.1501
61.475,-9.86189,-140.177,-0.246763,-0.205765,28.0809,-12.8864
61.5,-10.1944,-143.167,-0.247503,-0.185377,28.4283,-11.6543
61.525,-10.548,-146.142,-0.246544,-0.165412,28.8337,-10.4609
61.55,-10.9206,-149.094,-0.244042,-0.146089,29.2897,-9.31105
61.575,-11.3094,-152.032,-0.24021,-0.127551,29.7876,-8.20583
61.6,-11.7122,-154.973,-0.235274,-0.109844,30.3186,-7.14215
61.625,-12.1273,-157.951,-0.22943,-0.0929227,30.8765,-6.11281
61.65,-12.5555,-161.011,-0.222804,-0.0766717,31.459,-5.10761
61.675,-12.9997,-164.203,-0.215425,-0.0609448,32.0694,-4.11519
61.7,-13.466,-167.586,-0.207218,-0.0456141,32.717,-3.12542
61.725,-13.9632,-171.211,-0.19802,-0.0306167,33.4166,-2.1318
61.75,-14.5032,-175.128,-0.187615,-0.0159928,34.1871,-1.13369
61.775,-15.1,-179.379,-0.175782,-0.00190573,35.0496,-0.13785
61.8,-15.7697,-184.003,-0.162351,0.0113606,36.0244,0.840783
61.825,-16.5303,-189.04,-0.147251,0.0234273,37.1285,1.7792
61.85,-17.4016,-194.542,-0.130551,0.0338658,38.3732,2.64723
61.875,-18.406,-200.592,-0.112467,0.0422547,39.7608,3.40937
61.9,-19.5691,-207.325,-0.0933606,0.0482383,41.2834,4.02736
61.925,-20.9196,-214.986,-0.0736982,0.0515778,42.9216,4.46373
61.95,-22.4874,-224.017,-0.054005,0.0521839,44.6442,4.68584
61.975,-24.2901,-235.227,-0.0348029,0.0501261,46.4105,4.67015
62,-26.2802,-250.057,-0.0165522,0.0456177,48.174,4.40555
62.025,-28.1835,-270.582,0.000395781,0.0389765,49.8877,3.89482
62.05,-29.2626,-297.367,0.0158248,0.0305717,51.51,3.15323
62.075,-28.8256,-325.002,0.0296549,0.0207629,53.009,2.20413
62.1,-27.3188,-346.78,0.0419178,0.00984698,54.3642,1.07263
62.125,-25.5558,-362.152,0.0527111,-0.00198074,55.564,-0.22073
62.15,-23.898,-373.257,0.0621398,-0.0146397,56.5997,-1.66399
62.175,-22.4195,-381.835,0.0702578,-0.0281503,57.4582,-3.25357
62.2,-21.1091,-388.943,0.0770201,-0.0425936,58.1145,-4.98926
62.225,-19.9411,-395.212,0.0822585,-0.0580532,58.5289,-6.86517
62.25,-18.8943,-401.024,0.0856852,-0.0745491,58.6492,-8.85876
62.275,-17.9544,-406.617,0.0869266,-0.0919777,58.42,-10.9216
62.3,-17.113,-412.134,0.0855826,-0.110071,57.7973,-12.9759
62.325,-16.3654,-417.656,0.0813002,-0.128383,56.7645,-14.9198
62.35,-15.7088,-423.218,0.0738502,-0.146311,55.3448,-16.6421
62.375,-15.1415,-428.827,0.0631908,-0.163145,53.6032,-18.0425
62.4,-14.6614,-434.469,0.049507,-0.178145,51.6382,-19.0494
62.425,-14.2663,-440.116,0.0332152,-0.19063,49.5646,-19.6321
62.45,-13.9526,-445.731,0.0149326,-0.200062,47.4945,-19.8006
62.475,-13.7159,-451.275,-0.00458763,-0.20611,45.5224,-19.5982
62.5,-13.5502,-456.707,-0.0245426,-0.208692,43.7162,-19.0893
62.525,-13.4486,-461.992,-0.0441735,-0.207964,42.1155,-18.3463
62.55,-13.4025,-467.101,-0.0628496,-0.204285,40.7347,-17.4397
62.575,-13.4028,-472.018,-0.0801248,-0.19814,39.5678,-16.4305
62.6,-13.4398,-476.741,-0.0957594,-0.190059,38.5955,-15.3668
62.625,-13.5044,-481.286,-0.109701,-0.180524,37.7911,-14.2817
62.65,-13.589,-485.686,-0.122031,-0.169913,37.1261,-13.1938
62.675,-13.6886,-489.985,-0.132892,-0.15846,36.5759,-12.1095
62.7,-13.8013,-494.235,-0.142409,-0.146266,36.1226,-11.0265
62.725,-13.929,-498.484,-0.150625,-0.133337,35.7577,-9.93781
62.75,-14.0768,-502.769,-0.157465,-0.119655,35.4822,-8.83686
62.775,-14.2525,-507.108,-0.162741,-0.105249,35.3047,-7.72162
62.8,-14.4651,-511.491,-0.16619,-0.0902679,35.2386,-6.59782
62.825,-14.7239,-515.88,-0.167543,-0.075017,35.2978,-5.48055
62.85,-15.0368,-520.207,-0.166615,-0.0599636,35.4922,-4.39427
62.875,-15.4088,-524.374,-0.163381,-0.045698,35.8239,-3.37119
62.9,-15.8409,-528.255,-0.158039,-0.0328585,36.2834,-2.44823
62.925,-16.3273,-531.699,-0.151029,-0.0220346,36.847,-1.66254
62.95,-16.8532,-534.542,-0.143011,-0.0136647,37.4757,-1.04577
62.975,-17.3912,-536.625,-0.134799,-0.00795036,38.117,-0.617344
63,-17.8996,-537.839,-0.127265,-0.00480226,38.7086,-0.377908
63.025,-18.3238,-538.19,-0.121226,-0.00382982,39.1871,-0.30464
63.05,-18.6059,-537.864,-0.117329,-0.00437601,39.4978,-0.350517
63.075,-18.703,-537.239,-0.11597,-0.0055926,39.6059,-0.449054
63.1,-18.6053,-536.805,-0.117235,-0.00654371,39.5036,-0.524228
63.125,-18.3399,-537.007,-0.120896,-0.00632111,39.2115,-0.503094
63.15,-17.9578,-538.118,-0.126437,-0.00415353,38.7743,-0.327339
63.175,-17.5142,-540.218,-0.133133,0.000506712,38.2508,0.0394638
63.2,-17.0545,-543.239,-0.140145,0.0079321,37.7039,0.610164
63.225,-16.6102,-547.041,-0.146623,0.0181096,37.1909,1.37708
63.25,-16.1994,-551.458,-0.151805,0.0307703,36.7584,2.31773
63.275,-15.8305,-556.334,-0.15509,0.0454506,36.4395,3.40124
63.3,-15.5049,-561.529,-0.156079,0.0615724,36.2546,4.59389
63.325,-15.2198,-566.929,-0.154584,0.0785248,36.2125,5.86343
63.35,-14.9696,-572.445,-0.150597,0.095736,36.3138,7.18179
63.375,-14.7477,-578.005,-0.144249,0.112722,36.5536,8.52652
63.4,-14.5471,-583.563,-0.135755,0.129109,36.9239,9.88124
63.425,-14.3611,-589.084,-0.125359,0.144635,37.4166,11.2351
63.45,-14.1841,-594.549,-0.113299,0.159127,38.0248,12.5816
63.475,-14.0117,-599.949,-0.0997832,0.172472,38.7445,13.9173
63.5,-13.8409,-605.279,-0.0849847,0.184592,39.5744,15.2396
63.525,-13.6699,-610.539,-0.0690502,0.195415,40.5165,16.5458
63.55,-13.4982,-615.728,-0.0521154,0.204868,41.5745,17.8314
63.575,-13.326,-620.841,-0.0343202,0.212876,42.753,19.0897
63.6,-13.154,-625.875,-0.0158191,0.219369,44.0563,20.3117
63.625,-12.9826,-630.822,0.00321655,0.224297,45.4877,21.4867
63.65,-12.8125,-635.671,0.0226052,0.227638,47.0485,22.6029
63.675,-12.6435,-640.415,0.0421666,0.229408,48.7383,23.6486
63.7,-12.4755,-645.047,0.0617365,0.229655,50.5555,24.6126
63.725,-12.3076,-649.562,0.0811778,0.228454,52.4985,25.485
63.75,-12.1393,-653.961,0.100387,0.225891,54.566,26.2563
63.775,-11.9697,-658.246,0.119292,0.222051,56.7586,26.9168
63.8,-11.7985,-662.425,0.137847,0.217004,59.0783,27.4551
63.825,-11.6254,-666.506,0.156019,0.210802,61.5283,27.8566
63.85,-11.4509,-670.498,0.173774,0.203476,64.1114,28.1024
63.875,-11.2756,-674.41,0.19107,0.195043,66.8282,28.1687
63.9,-11.1004,-678.25,0.207851,0.185516,69.6751,28.0272
63.925,-10.9262,-682.021,0.224048,0.174916,72.642,27.6462
63.95,-10.7541,-685.726,0.239586,0.163275,75.7115,26.9927
63.975,-10.5845,-689.367,0.25439,0.150642,78.8584,26.0345
64,-10.4178,-692.945,0.268397,0.13708,82.0502,24.7421
64.025,-10.254,-696.461,0.281557,0.122655,85.2478,23.09
64.05,-10.0929,-699.916,0.293838,0.107435,88.4069,21.0571
64.075,-9.93419,-703.316,0.30522,0.0914747,91.478,18.627
64.1,-9.77755,-706.667,0.315686,0.0748164,94.4057,15.788
64.125,-9.62292,-709.976,0.325217,0.0574874,97.1278,12.5344
64.15,-9.47046,-713.25,0.333777,0.0395066,99.5739,8.86962
64.175,-9.32057,-716.497,0.341318,0.0208916,101.666,4.81043
64.2,-9.17391,-719.725,0.347776,0.00166804,103.321,0.392112
64.225,-9.0312,-722.939,0.353076,-0.0181246,104.457,-4.32735
64.25,-8.8932,-726.142,0.357141,-0.0384301,105.001,-9.26599
64.275,-8.76059,-729.338,0.359896,-0.0591773,104.901,-14.3205
64.3,-8.63394,-732.529,0.361273,-0.0802846,104.126,-19.3729
64.325,-8.51376,-735.72,0.361208,-0.101665,102.678,-24.2991
64.35,-8.40057,-738.914,0.359638,-0.12323,100.585,-28.9782
64.375,-8.29514,-742.118,0.35649,-0.144883,97.9007,-33.2991
64.4,-8.19857,-745.337,0.351681,-0.166513,94.6997,-37.1645
64.425,-8.11247,-748.577,0.34511,-0.187981,91.0738,-40.4941
64.45,-8.03903,-751.843,0.336675,-0.209097,87.1294,-43.2267
64.475,-7.98095,-755.134,0.326289,-0.229612,82.9845,-45.3234
64.5,-7.94129,-758.446,0.31391,-0.249213,78.7641,-46.7719
64.525,-7.92319,-761.766,0.299575,-0.26753,74.5936,-47.589
64.55,-7.92954,-765.074,0.283429,-0.284164,70.5896,-47.8211
64.575,-7.96255,-768.344,0.265748,-0.29873,66.8511,-47.5408
64.6,-8.02334,-771.542,0.246936,-0.310905,63.453,-46.8395
64.625,-8.11156,-774.63,0.227506,-0.320485,60.4418,-45.8191
64.65,-8.2251,-777.569,0.208034,-0.327423,57.8361,-44.5828
64.675,-8.3599,-780.324,0.189098,-0.331853,55.629,-43.2276
64.7,-8.51006,-782.866,0.171209,-0.334087,53.7924,-41.8389
64.725,-8.66819,-785.179,0.154747,-0.334577,52.282,-40.4863
64.75,-8.82612,-787.263,0.139911,-0.333856,51.0427,-39.2212
64.775,-8.97602,-789.137,0.126708,-0.332468,50.0136,-38.0758
64.8,-9.11152,-790.84,0.114969,-0.330882,49.1339,-37.0627
64.825,-9.22889,-792.418,0.104391,-0.329442,48.3486,-36.1766
64.85,-9.32759,-793.925,0.0946099,-0.328321,47.6135,-35.3975
64.875,-9.41016,-795.406,0.085279,-0.327528,46.8995,-34.6962
64.9,-9.48139,-796.891,0.0761341,-0.326936,46.1944,-34.0411
64.925,-9.5469,-798.391,0.0670402,-0.326347,45.5005,-33.4058
64.95,-9.61168,-799.898,0.0580017,-0.32556,44.8305,-32.7739
64.975,-9.67866,-801.388,0.0491373,-0.324446,44.2003,-32.1423
65,-9.74794,-802.832,0.0406227,-0.322994,43.6224,-31.52
65.025,-9.81654,-804.204,0.0326156,-0.321327,43.0998,-30.9241
65.05,-9.87901,-805.496,0.0251807,-0.319673,42.6226,-30.3738
65.075,-9.92879,-806.721,0.0182342,-0.318309,42.1686,-29.883
65.1,-9.96028,-807.921,0.0115247,-0.317468,41.7064,-29.4533
65.125,-9.97094,-809.159,0.0046582,-0.317253,41.2024,-29.0697
65.15,-9.96312,-810.511,-0.00283057,-0.317561,40.6297,-28.6992
65.175,-9.94472,-812.048,-0.0113742,-0.318044,39.9776,-28.2949
65.2,-9.92864,-813.822,-0.0212534,-0.318127,39.2576,-27.8044
65.225,-9.93125,-815.85,-0.0324881,-0.317081,38.5062,-27.1805
65.25,-9.9704,-818.11,-0.0447649,-0.314134,37.7796,-26.3931
65.275,-10.0635,-820.539,-0.05742,-0.30863,37.146,-25.4353
65.3,-10.2258,-823.034,-0.0694906,-0.300176,36.6745,-24.3271
65.325,-10.4692,-825.454,-0.0798306,-0.288768,36.4265,-23.1121
65.35,-10.8005,-827.616,-0.0872762,-0.274861,36.4483,-21.854
65.375,-11.2193,-829.301,-0.0908339,-0.259367,36.7676,-20.6307
65.4,-11.7134,-830.25,-0.0898565,-0.243568,37.3904,-19.5306
65.425,-12.2538,-830.185,-0.084176,-0.228974,38.2975,-18.6481
65.45,-12.7865,-828.86,-0.0741679,-0.217125,39.441,-18.079
65.475,-13.2301,-826.175,-0.0607357,-0.209389,40.7384,-17.9118
65.5,-13.4869,-822.335,-0.0452185,-0.206782,42.0702,-18.2148
65.525,-13.4792,-817.932,-0.0292369,-0.209827,43.2824,-19.0172
65.55,-13.1919,-813.798,-0.0145034,-0.2185,44.2007,-20.2886
65.575,-12.6812,-810.648,-0.00262464,-0.232228,44.6599,-21.9251
65.6,-12.0402,-808.837,0.00507424,-0.249978,44.5418,-23.7539
65.625,-11.3568,-808.373,0.00767952,-0.270387,43.809,-25.5611
65.65,-10.6931,-809.066,0.00475751,-0.291935,42.5176,-27.1382
65.675,-10.0854,-810.667,-0.003645,-0.313112,40.7994,-28.3272
65.7,-9.55063,-812.937,-0.0170632,-0.332581,38.8243,-29.0457
65.725,-9.09378,-815.677,-0.0347244,-0.349281,36.7583,-29.2861
65.75,-8.71283,-818.733,-0.0556837,-0.362488,34.7349,-29.0953
65.775,-8.40208,-821.989,-0.0789583,-0.371807,32.8444,-28.548
65.8,-8.15425,-825.366,-0.103636,-0.377119,31.1359,-27.7246
65.825,-7.96195,-828.813,-0.128945,-0.378494,29.628,-26.6963
65.85,-7.8187,-832.302,-0.154266,-0.376095,28.3202,-25.5192
65.875,-7.71971,-835.825,-0.17911,-0.370101,27.2035,-24.2328
65.9,-7.66237,-839.381,-0.20306,-0.360651,26.2675,-22.8633
65.925,-7.64646,-842.978,-0.225697,-0.347839,25.5053,-21.4276
65.95,-7.67413,-846.619,-0.246543,-0.331746,24.9158,-19.9376
65.975,-7.74956,-850.301,-0.265027,-0.312503,24.5031,-18.4047
66,-7.87855,-854.009,-0.28049,-0.290361,24.2759,-16.8426
66.025,-8.06794,-857.716,-0.292232,-0.265762,24.2452,-15.2694
66.05,-8.32514,-861.373,-0.299587,-0.239384,24.4224,-13.7086
66.075,-8.65753,-864.916,-0.302022,-0.212142,24.8174,-12.1902
66.1,-9.07193,-868.253,-0.299238,-0.185153,25.4362,-10.7503
66.125,-9.5738,-871.269,-0.291241,-0.159656,26.2787,-9.43153
66.15,-10.1661,-873.813,-0.278396,-0.136909,27.336,-8.28225
66.175,-10.8468,-875.695,-0.261429,-0.118065,28.5867,-7.3554
66.2,-11.6056,-876.68,-0.241384,-0.104057,29.9932,-6.70531
66.225,-12.4168,-876.491,-0.219546,-0.0955029,31.4979,-6.38212
66.25,-13.231,-874.853,-0.197335,-0.0926359,33.0219,-6.42327
66.275,-13.9667,-871.594,-0.176177,-0.0952819,34.4669,-6.84265
66.3,-14.5159,-866.829,-0.157382,-0.102874,35.7246,-7.61963
66.325,-14.7777,-861.123,-0.142027,-0.114508,36.692,-8.69235
66.35,-14.714,-855.405,-0.130867,-0.129032,37.2913,-9.95993
66.375,-14.3751,-850.568,-0.124277,-0.145161,37.4876,-11.2959
66.4,-13.8664,-847.103,-0.122231,-0.161599,37.298,-12.5707
66.425,-13.2931,-845.061,-0.124334,-0.177168,36.7866,-13.6755
66.45,-12.7315,-844.227,-0.129874,-0.190913,36.0487,-14.5395
66.475,-12.2256,-844.3,-0.137924,-0.202186,35.1899,-15.1365
66.5,-11.7958,-844.986,-0.147452,-0.210694,34.3071,-15.4804
66.525,-11.447,-846.026,-0.15745,-0.216501,33.4762,-15.6142
66.55,-11.1747,-847.21,-0.167045,-0.219994,32.7462,-15.5981
66.575,-10.9673,-848.368,-0.175598,-0.221806,32.1391,-15.4976
66.6,-10.8089,-849.373,-0.182765,-0.222716,31.6525,-15.3753
66.625,-10.6799,-850.143,-0.188522,-0.223536,31.2635,-15.284
66.65,-10.5587,-850.644,-0.193143,-0.224997,30.9342,-15.2621
66.675,-10.4243,-850.893,-0.197148,-0.22765,30.6167,-15.3301
66.7,-10.2586,-850.959,-0.201214,-0.231803,30.2603,-15.4882
66.725,-10.0495,-850.95,-0.206076,-0.237486,29.8187,-15.7169
66.75,-9.79295,-850.99,-0.212426,-0.244455,29.2573,-15.9802
66.775,-9.49291,-851.2,-0.220819,-0.252239,28.5586,-16.2313
66.8,-9.15957,-851.672,-0.23161,-0.260207,27.7251,-16.4213
66.825,-8.8066,-852.461,-0.244923,-0.267653,26.7774,-16.5068
66.85,-8.44816,-853.581,-0.260647,-0.273885,25.7489,-16.457
66.875,-8.0968,-855.018,-0.278471,-0.278298,24.6798,-16.2563
66.9,-7.76226,-856.734,-0.297937,-0.280429,23.6092,-15.9038
66.925,-7.45115,-858.683,-0.31851,-0.279984,22.5708,-15.4103
66.95,-7.16723,-860.817,-0.339636,-0.276833,21.59,-14.7939
66.975,-6.91198,-863.091,-0.360799,-0.270989,20.6832,-14.0758
67,-6.6853,-865.466,-0.381551,-0.262563,19.8592,-13.2767
67.025,-6.48621,-867.915,-0.401519,-0.251727,19.1213,-12.4149
67.05,-6.31342,-870.415,-0.420396,-0.238677,18.4696,-11.5053
67.075,-6.16587,-872.95,-0.437919,-0.223614,17.9028,-10.5597
67.1,-6.04295,-875.508,-0.453841,-0.206748,17.4199,-9.58767
67.125,-5.94459,-878.078,-0.467923,-0.188313,17.0205,-8.59775
67.15,-5.87111,-880.645,-0.47993,-0.168589,16.7051,-7.59886
67.175,-5.82294,-883.19,-0.489651,-0.147928,16.4743,-6.60114
67.2,-5.80014,-885.69,-0.496941,-0.126759,16.3273,-5.61649
67.225,-5.802,-888.117,-0.501756,-0.105578,16.2612,-4.65838
67.25,-5.82651,-890.44,-0.504197,-0.0849171,16.2694,-3.74113
67.275,-5.87008,-892.628,-0.504534,-0.06528,16.3409,-2.87845
67.3,-5.92736,-894.655,-0.503199,-0.0470811,16.4596,-2.08155
67.325,-5.99139,-896.506,-0.500752,-0.0305759,16.6056,-1.357
67.35,-6.05415,-898.181,-0.497821,-0.0158106,16.7562,-0.704662
67.375,-6.10747,-899.699,-0.495017,-0.00259912,16.8887,-0.116287
67.4,-6.14431,-901.1,-0.492839,0.0094635,16.9838,0.424628
67.425,-6.16006,-902.44,-0.49159,0.0209486,17.0293,0.941391
67.45,-6.15363,-903.786,-0.491326,0.0325094,17.0226,1.46102
67.475,-6.12791,-905.202,-0.491827,0.0447759,16.9716,2.01009
67.5,-6.08938,-906.743,-0.492625,0.0582468,16.8942,2.61042
67.525,-6.04713,-908.444,-0.493071,0.0731979,16.8154,3.27563
67.55,-6.01149,-910.315,-0.492436,0.0896229,16.7638,4.00926
67.575,-5.99258,-912.342,-0.490023,0.10722,16.7673,4.80448
67.6,-5.99921,-914.491,-0.485286,0.125425,16.8504,5.64519
67.625,-6.03806,-916.712,-0.47792,0.14349,17.0308,6.50797
67.65,-6.11316,-918.942,-0.46791,0.160587,17.3184,7.3645
67.675,-6.22569,-921.116,-0.455543,0.175925,17.7137,8.18426
67.7,-6.37388,-923.166,-0.441362,0.188862,18.2078,8.93727
67.725,-6.55314,-925.032,-0.426094,0.198982,18.7825,9.59716
67.75,-6.75626,-926.662,-0.410548,0.206142,19.4119,10.1441
67.775,-6.97398,-928.021,-0.395506,0.210476,20.0648,10.5675
67.8,-7.19573,-929.093,-0.38163,0.212349,20.708,10.8674
67.825,-7.41082,-929.886,-0.369391,0.212291,21.3113,11.0551
67.85,-7.60977,-930.431,-0.359037,0.210907,21.8511,11.1505
67.875,-7.78564,-930.775,-0.350594,0.208788,22.3134,11.1789
67.9,-7.9349,-930.974,-0.343904,0.206429,22.6949,11.1662
67.925,-8.05759,-931.084,-0.338692,0.20418,23.0016,11.1343
67.95,-8.15663,-931.145,-0.334636,0.202223,23.2452,11.0981
67.975,-8.23654,-931.182,-0.331442,0.200585,23.4398,11.0639
68,-8.30187,-931.198,-0.328902,0.199174,23.5968,11.0306
68.025,-8.3558,-931.18,-0.32693,0.197837,23.7231,10.9917
68.05,-8.39909,-931.104,-0.325565,0.196421,23.8187,10.9384
68.075,-8.42974,-930.945,-0.32496,0.19483,23.8766,10.8633
68.1,-8.44306,-930.687,-0.325335,0.193067,23.8847,10.7631
68.125,-8.43247,-930.327,-0.326938,0.191256,23.8277,10.641
68.15,-8.39075,-929.887,-0.329981,0.189644,23.6908,10.5077
68.175,-8.31151,-929.405,-0.3346,0.18858,23.4621,10.3802
68.2,-8.19067,-928.943,-0.340819,0.188478,23.1361,10.2807
68.225,-8.0275,-928.568,-0.348531,0.189777,22.7147,10.233
68.25,-7.82491,-928.35,-0.357494,0.192892,22.2072,10.2602
68.275,-7.58901,-928.346,-0.367351,0.198176,21.6295,10.3816
68.3,-7.32814,-928.598,-0.377649,0.205882,21.0017,10.6108
68.325,-7.05161,-929.129,-0.38788,0.216144,20.3462,10.9555
68.35,-6.76863,-929.942,-0.397514,0.228969,19.685,11.4172
68.375,-6.48751,-931.027,-0.406036,0.244236,19.0388,11.9924
68.4,-6.21516,-932.363,-0.41298,0.261715,18.4249,12.6738
68.425,-5.95699,-933.921,-0.417952,0.281078,17.8578,13.4513
68.45,-5.71687,-935.67,-0.420649,0.301934,17.3482,14.3137
68.475,-5.49734,-937.578,-0.420869,0.323852,16.9038,15.2491
68.5,-5.29979,-939.613,-0.41851,0.346388,16.5294,16.2459
68.525,-5.12466,-941.749,-0.413566,0.369112,16.2274,17.2934
68.55,-4.97165,-943.96,-0.40611,0.39163,15.9985,18.3819
68.575,-4.83991,-946.225,-0.396281,0.413598,15.8417,19.5032
68.6,-4.72822,-948.526,-0.384264,0.434731,15.7552,20.6506
68.625,-4.6351,-950.851,-0.370265,0.454808,15.7367,21.8188
68.65,-4.559,-953.188,-0.354498,0.473664,15.7836,23.0043
68.675,-4.49838,-955.533,-0.337169,0.491185,15.8936,24.2048
68.7,-4.45185,-957.881,-0.318465,0.507296,16.0653,25.4195
68.725,-4.41818,-960.231,-0.298549,0.521949,16.2978,26.6483
68.75,-4.39639,-962.584,-0.27756,0.535108,16.5916,27.892
68.775,-4.38576,-964.943,-0.255617,0.546746,16.9482,29.1519
68.8,-4.3858,-967.309,-0.232823,0.556831,17.3706,30.4294
68.825,-4.39625,-969.687,-0.209271,0.565329,17.8629,31.7256
68.85,-4.41703,-972.079,-0.185047,0.572202,18.4306,33.0418
68.875,-4.44822,-974.49,-0.160235,0.577403,19.0806,34.3787
68.9,-4.49002,-976.924,-0.134917,0.580884,19.8211,35.7366
68.925,-4.54282,-979.386,-0.109174,0.582591,20.6624,37.1153
68.95,-4.60717,-981.882,-0.0830871,0.582462,21.6167,38.514
68.975,-4.68385,-984.417,-0.0567355,0.58042,22.699,39.9305
69,-4.77398,-987,-0.030205,0.576375,23.9277,41.3608
69.025,-4.87906,-989.639,-0.00359327,0.570215,25.3254,42.7979
69.05,-5.00108,-992.342,0.0229791,0.561802,26.9192,44.2297
69.075,-5.14262,-995.119,0.0493554,0.550977,28.7413,45.6371
69.1,-5.3069,-997.977,0.0753282,0.537567,30.8282,46.9903
69.125,-5.49787,-1000.92,0.100626,0.521393,33.2196,48.2448
69.15,-5.72029,-1003.96,0.124903,0.502293,35.9545,49.3366
69.175,-5.97981,-1007.1,0.147731,0.48014,39.0659,50.1768
69.2,-6.28312,-1010.34,0.168602,0.454873,42.5697,50.6466
69.225,-6.63811,-1013.67,0.186936,0.426521,46.4497,50.596
69.25,-7.05416,-1017.08,0.202098,0.395234,50.6362,49.8493
69.275,-7.5426,-1020.57,0.213422,0.361307,54.9824,48.2227
69.3,-8.1173,-1024.11,0.220252,0.3252,59.2448,45.5614
69.325,-8.79572,-1027.67,0.221977,0.287545,63.0844,41.7942
69.35,-9.60046,-1031.2,0.218086,0.249148,66.1033,36.995
69.375,-10.5619,-1034.62,0.208215,0.210973,67.9246,31.4213
69.4,-11.7228,-1037.83,0.192196,0.174111,68.2968,25.4973
69.425,-13.1461,-1040.6,0.170101,0.139737,67.1746,19.7296
69.45,-14.9307,-1042.53,0.142271,0.109042,64.7327,14.5858
69.475,-17.2422,-1042.74,0.10933,0.0831696,61.3045,10.3935
69.5,-20.3644,-1038.82,0.0721752,0.0631338,57.2822,7.30001
69.525,-24.5655,-1022.71,0.0319461,0.0497439,53.028,5.29414
69.55,-26.998,-977.025,-0.0100313,0.0435382,48.8232,4.25986
69.575,-23.2433,-940.531,-0.0523216,0.0447354,44.8566,4.03246
69.6,-19.3674,-929.652,-0.0934704,0.0532098,41.2359,4.43967
69.625,-16.5478,-927.408,-0.132099,0.0684974,38.0093,5.32498
69.65,-14.4421,-928.276,-0.166997,0.0898299,35.1853,6.55716
69.675,-12.8078,-930.509,-0.197192,0.116197,32.7493,8.03145
69.7,-11.5041,-933.407,-0.222006,0.146425,30.6743,9.66668
69.725,-10.4453,-936.636,-0.241073,0.17927,28.9286,11.4011
69.75,-9.5755,-940.012,-0.254332,0.213503,27.479,13.1879
69.775,-8.85594,-943.427,-0.261995,0.247986,26.2936,14.992
69.8,-8.25846,-946.807,-0.264497,0.281734,25.3428,16.7866
69.825,-7.76162,-950.107,-0.262432,0.313944,24.5988,18.5514
69.85,-7.34851,-953.292,-0.256498,0.344019,24.0363,20.2706
69.875,-7.00537,-956.339,-0.247436,0.371558,23.6319,21.9318
69.9,-6.72074,-959.23,-0.235985,0.396344,23.3632,23.5254
69.925,-6.48476,-961.954,-0.222854,0.418324,23.2087,25.0439
69.95,-6.28873,-964.503,-0.208689,0.437586,23.147,26.4817
69.975,-6.1247,-966.871,-0.194059,0.454334,23.1566,27.8357
70,-5.98523,-969.058,-0.179442,0.468876,23.2151,29.1059
