# f_ghz,s_RX4.Pb_db,s_RX4.Pb_deg,s_RX4.Pf_db,s_RX4.Pf_deg
54,-15.0435,-36.3283,-1.24282,-143.851
54.025,-15.0477,-36.3369,-1.24103,-144.084
54.05,-15.0518,-36.3452,-1.23924,-144.316
54.075,-15.056,-36.3532,-1.23745,-144.549
54.1,-15.0601,-36.3609,-1.23566,-144.782
54.125,-15.0643,-36.3683,-1.23388,-145.015
54.15,-15.0684,-36.3754,-1.23209,-145.249
54.175,-15.0726,-36.3822,-1.2303,-145.483
54.2,-15.0767,-36.3887,-1.22852,-145.717
54.225,-15.0808,-36.3949,-1.22674,-145.952
54.25,-15.0849,-36.4008,-1.22497,-146.186
54.275,-15.089,-36.4064,-1.2232,-146.421
54.3,-15.093,-36.4117,-1.22143,-146.656
54.325,-15.0971,-36.4167,-1.21967,-146.892
54.35,-15.1011,-36.4214,-1.21792,-147.128
54.375,-15.1052,-36.4258,-1.21617,-147.364
54.4,-15.1092,-36.4299,-1.21443,-147.6
54.425,-15.1132,-36.4337,-1.2127,-147.836
54.45,-15.1172,-36.4372,-1.21097,-148.073
54.475,-15.1211,-36.4403,-1.20925,-148.31
54.5,-15.1251,-36.4432,-1.20754,-148.547
54.525,-15.129,-36.4458,-1.20584,-148.784
54.55,-15.1329,-36.4481,-1.20415,-149.022
54.575,-15.1368,-36.4501,-1.20247,-149.26
54.6,-15.1407,-36.4518,-1.20081,-149.498
54.625,-15.1445,-36.4532,-1.19915,-149.736
54.65,-15.1483,-36.4543,-1.1975,-149.974
54.675,-15.1521,-36.4552,-1.19586,-150.213
54.7,-15.1559,-36.4557,-1.19424,-150.452
54.725,-15.1596,-36.4559,-1.19262,-150.691
54.75,-15.1634,-36.4559,-1.19102,-150.93
54.775,-15.1671,-36.4556,-1.18944,-151.169
54.8,-15.1707,-36.4549,-1.18786,-151.409
54.825,-15.1744,-36.454,-1.1863,-151.649
54.85,-15.178,-36.4529,-1.18475,-151.889
54.875,-15.1816,-36.4514,-1.18321,-152.129
54.9,-15.1851,-36.4496,-1.18169,-152.369
54.925,-15.1886,-36.4476,-1.18019,-152.61
54.95,-15.1921,-36.4453,-1.1787,-152.85
54.975,-15.1956,-36.4427,-1.17722,-153.091
55,-15.199,-36.4399,-1.17575,-153.332
55.025,-15.2024,-36.4368,-1.17431,-153.573
55.05,-15.2058,-36.4334,-1.17287,-153.815
55.075,-15.2091,-36.4297,-1.17146,-154.056
55.1,-15.2125,-36.4258,-1.17006,-154.298
55.125,-15.2157,-36.4217,-1.16867,-154.539
55.15,-15.219,-36.4172,-1.1673,-154.781
55.175,-15.2221,-36.4125,-1.16594,-155.023
55.2,-15.2253,-36.4076,-1.16461,-155.265
55.225,-15.2284,-36.4024,-1.16328,-155.508
55.25,-15.2315,-36.3969,-1.16198,-155.75
55.275,-15.2346,-36.3913,-1.16069,-155.993
55.3,-15.2376,-36.3853,-1.15942,-156.235
55.325,-15.2405,-36.3791,-1.15816,-156.478
55.35,-15.2435,-36.3727,-1.15692,-156.721
55.375,-15.2464,-36.3661,-1.1557,-156.964
55.4,-15.2492,-36.3592,-1.15449,-157.208
55.425,-15.252,-36.352,-1.15331,-157.451
55.45,-15.2548,-36.3447,-1.15213,-157.694
55.475,-15.2575,-36.3371,-1.15098,-157.938
55.5,-15.2602,-36.3293,-1.14984,-158.181
55.525,-15.2629,-36.3213,-1.14872,-158.425
55.55,-15.2655,-36.313,-1.14762,-158.669
55.575,-15.268,-36.3046,-1.14654,-158.913
55.6,-15.2706,-36.2959,-1.14547,-159.157
55.625,-15.273,-36.287,-1.14442,-159.401
55.65,-15.2755,-36.278,-1.14338,-159.645
55.675,-15.2778,-36.2687,-1.14237,-159.89
55.7,-15.2802,-36.2592,-1.14137,-160.134
55.725,-15.2825,-36.2495,-1.14039,-160.378
55.75,-15.2847,-36.2396,-1.13942,-160.623
55.775,-15.2869,-36.2296,-1.13848,-160.868
55.8,-15.2891,-36.2193,-1.13755,-161.112
55.825,-15.2912,-36.2089,-1.13663,-161.357
55.85,-15.2932,-36.1983,-1.13574,-161.602
55.875,-15.2952,-36.1875,-1.13486,-161.847
55.9,-15.2972,-36.1765,-1.134,-162.092
55.925,-15.2991,-36.1653,-1.13316,-162.337
55.95,-15.301,-36.154,-1.13233,-162.582
55.975,-15.3028,-36.1426,-1.13152,-162.827
56,-15.3046,-36.1309,-1.13073,-163.073
56.025,-15.3063,-36.1191,-1.12996,-163.318
56.05,-15.3079,-36.1072,-1.1292,-163.563
56.075,-15.3096,-36.0951,-1.12846,-163.809
56.1,-15.3111,-36.0829,-1.12774,-164.054
56.125,-15.3126,-36.0705,-1.12703,-164.3
56.15,-15.3141,-36.0579,-1.12634,-164.545
56.175,-15.3155,-36.0453,-1.12566,-164.791
56.2,-15.3169,-36.0325,-1.12501,-165.037
56.225,-15.3182,-36.0195,-1.12437,-165.282
56.25,-15.3194,-36.0065,-1.12374,-165.528
56.275,-15.3206,-35.9933,-1.12313,-165.774
56.3,-15.3218,-35.98,-1.12254,-166.02
56.325,-15.3229,-35.9666,-1.12197,-166.266
56.35,-15.324,-35.953,-1.12141,-166.511
56.375,-15.3249,-35.9394,-1.12087,-166.757
56.4,-15.3259,-35.9256,-1.12034,-167.003
56.425,-15.3268,-35.9118,-1.11983,-167.249
56.45,-15.3276,-35.8978,-1.11933,-167.495
56.475,-15.3284,-35.8838,-1.11885,-167.741
56.5,-15.3291,-35.8696,-1.11839,-167.988
56.525,-15.3298,-35.8554,-1.11794,-168.234
56.55,-15.3304,-35.8411,-1.1175,-168.48
56.575,-15.331,-35.8267,-1.11709,-168.726
56.6,-15.3315,-35.8122,-1.11668,-168.972
56.625,-15.332,-35.7977,-1.11629,-169.218
56.65,-15.3324,-35.7831,-1.11592,-169.465
56.675,-15.3327,-35.7684,-1.11556,-169.711
56.7,-15.333,-35.7536,-1.11522,-169.957
56.725,-15.3333,-35.7388,-1.11489,-170.203
56.75,-15.3335,-35.7239,-1.11457,-170.45
56.775,-15.3336,-35.709,-1.11427,-170.696
56.8,-15.3337,-35.694,-1.11399,-170.942
56.825,-15.3337,-35.679,-1.11371,-171.188
56.85,-15.3337,-35.6639,-1.11346,-171.435
56.875,-15.3336,-35.6488,-1.11321,-171.681
56.9,-15.3334,-35.6337,-1.11298,-171.927
56.925,-15.3332,-35.6185,-1.11276,-172.174
56.95,-15.333,-35.6033,-1.11256,-172.42
56.975,-15.3327,-35.588,-1.11237,-172.666
57,-15.3323,-35.5728,-1.11219,-172.913
57.025,-15.3319,-35.5575,-1.11203,-173.159
57.05,-15.3314,-35.5422,-1.11188,-173.405
57.075,-15.3309,-35.5269,-1.11174,-173.652
57.1,-15.3303,-35.5116,-1.11161,-173.898
57.125,-15.3297,-35.4963,-1.1115,-174.144
57.15,-15.329,-35.4809,-1.1114,-174.39
57.175,-15.3283,-35.4656,-1.11131,-174.637
57.2,-15.3275,-35.4503,-1.11124,-174.883
57.225,-15.3266,-35.435,-1.11117,-175.129
57.25,-15.3257,-35.4196,-1.11112,-175.376
57.275,-15.3247,-35.4044,-1.11108,-175.622
57.3,-15.3237,-35.3891,-1.11105,-175.868
57.325,-15.3226,-35.3738,-1.11103,-176.114
57.35,-15.3215,-35.3586,-1.11103,-176.361
57.375,-15.3203,-35.3434,-1.11103,-176.607
57.4,-15.3191,-35.3282,-1.11105,-176.853
57.425,-15.3178,-35.313,-1.11108,-177.099
57.45,-15.3164,-35.2979,-1.11112,-177.345
57.475,-15.315,-35.2829,-1.11117,-177.591
57.5,-15.3136,-35.2678,-1.11123,-177.838
57.525,-15.3121,-35.2528,-1.1113,-178.084
57.55,-15.3105,-35.2379,-1.11138,-178.33
57.575,-15.3089,-35.223,-1.11147,-178.576
57.6,-15.3072,-35.2082,-1.11157,-178.822
57.625,-15.3055,-35.1934,-1.11168,-179.068
57.65,-15.3037,-35.1787,-1.1118,-179.314
57.675,-15.3019,-35.164,-1.11193,-179.56
57.7,-15.3,-35.1494,-1.11207,-179.806
57.725,-15.2981,-35.1349,-1.11222,-180.052
57.75,-15.2961,-35.1204,-1.11238,-180.298
57.775,-15.2941,-35.1061,-1.11254,-180.544
57.8,-15.292,-35.0918,-1.11272,-180.79
57.825,-15.2899,-35.0775,-1.1129,-181.036
57.85,-15.2877,-35.0634,-1.1131,-181.281
57.875,-15.2854,-35.0494,-1.1133,-181.527
57.9,-15.2831,-35.0354,-1.11351,-181.773
57.925,-15.2808,-35.0215,-1.11373,-182.019
57.95,-15.2784,-35.0078,-1.11396,-182.265
57.975,-15.2759,-34.9941,-1.11419,-182.51
58,-15.2734,-34.9805,-1.11444,-182.756
58.025,-15.2709,-34.967,-1.11469,-183.002
58.05,-15.2683,-34.9536,-1.11495,-183.247
58.075,-15.2656,-34.9404,-1.11521,-183.493
58.1,-15.2629,-34.9272,-1.11548,-183.739
58.125,-15.2601,-34.9142,-1.11577,-183.984
58.15,-15.2573,-34.9012,-1.11605,-184.23
58.175,-15.2545,-34.8884,-1.11635,-184.475
58.2,-15.2516,-34.8757,-1.11665,-184.721
58.225,-15.2486,-34.8631,-1.11696,-184.966
58.25,-15.2456,-34.8507,-1.11727,-185.211
58.275,-15.2426,-34.8384,-1.11759,-185.457
58.3,-15.2395,-34.8262,-1.11792,-185.702
58.325,-15.2363,-34.8141,-1.11826,-185.947
58.35,-15.2332,-34.8022,-1.1186,-186.193
58.375,-15.2299,-34.7904,-1.11894,-186.438
58.4,-15.2266,-34.7788,-1.11929,-186.683
58.425,-15.2233,-34.7672,-1.11965,-186.928
58.45,-15.2199,-34.7559,-1.12001,-187.174
58.475,-15.2165,-34.7447,-1.12038,-187.419
58.5,-15.213,-34.7336,-1.12076,-187.664
58.525,-15.2095,-34.7227,-1.12114,-187.909
58.55,-15.2059,-34.7119,-1.12152,-188.154
58.575,-15.2023,-34.7013,-1.12191,-188.399
58.6,-15.1986,-34.6908,-1.1223,-188.644
58.625,-15.1949,-34.6805,-1.1227,-188.889
58.65,-15.1912,-34.6704,-1.12311,-189.134
58.675,-15.1874,-34.6604,-1.12352,-189.379
58.7,-15.1836,-34.6506,-1.12393,-189.624
58.725,-15.1797,-34.6409,-1.12435,-189.868
58.75,-15.1758,-34.6314,-1.12477,-190.113
58.775,-15.1718,-34.6221,-1.12519,-190.358
58.8,-15.1678,-34.613,-1.12562,-190.603
58.825,-15.1637,-34.604,-1.12605,-190.847
58.85,-15.1596,-34.5952,-1.12649,-191.092
58.875,-15.1555,-34.5866,-1.12693,-191.337
58.9,-15.1513,-34.5781,-1.12737,-191.581
58.925,-15.1471,-34.5699,-1.12782,-191.826
58.95,-15.1428,-34.5618,-1.12827,-192.07
58.975,-15.1385,-34.5539,-1.12873,-192.315
59,-15.1342,-34.5462,-1.12918,-192.559
59.025,-15.1298,-34.5387,-1.12964,-192.804
59.05,-15.1253,-34.5314,-1.13011,-193.048
59.075,-15.1209,-34.5242,-1.13057,-193.292
59.1,-15.1164,-34.5173,-1.13104,-193.537
59.125,-15.1118,-34.5105,-1.13151,-193.781
59.15,-15.1072,-34.504,-1.13198,-194.025
59.175,-15.1026,-34.4976,-1.13246,-194.27
59.2,-15.0979,-34.4915,-1.13294,-194.514
59.225,-15.0932,-34.4855,-1.13342,-194.758
59.25,-15.0885,-34.4797,-1.1339,-195.002
59.275,-15.0837,-34.4742,-1.13438,-195.246
59.3,-15.0789,-34.4688,-1.13487,-195.49
59.325,-15.074,-34.4637,-1.13535,-195.735
59.35,-15.0691,-34.4588,-1.13584,-195.979
59.375,-15.0642,-34.454,-1.13633,-196.223
59.4,-15.0592,-34.4495,-1.13683,-196.467
59.425,-15.0542,-34.4452,-1.13732,-196.71
59.45,-15.0492,-34.4411,-1.13781,-196.954
59.475,-15.0441,-34.4372,-1.13831,-197.198
59.5,-15.039,-34.4335,-1.13881,-197.442
59.525,-15.0339,-34.4301,-1.1393,-197.686
59.55,-15.0287,-34.4269,-1.1398,-197.93
59.575,-15.0235,-34.4238,-1.1403,-198.174
59.6,-15.0182,-34.421,-1.1408,-198.417
59.625,-15.013,-34.4185,-1.14131,-198.661
59.65,-15.0076,-34.4161,-1.14181,-198.905
59.675,-15.0023,-34.414,-1.14231,-199.148
59.7,-14.9969,-34.4121,-1.14281,-199.392
59.725,-14.9915,-34.4104,-1.14331,-199.636
59.75,-14.9861,-34.4089,-1.14382,-199.879
59.775,-14.9806,-34.4077,-1.14432,-200.123
59.8,-14.9751,-34.4067,-1.14482,-200.366
59.825,-14.9695,-34.4059,-1.14533,-200.61
59.85,-14.964,-34.4054,-1.14583,-200.853
59.875,-14.9584,-34.4051,-1.14633,-201.097
59.9,-14.9527,-34.405,-1.14684,-201.34
59.925,-14.9471,-34.4051,-1.14734,-201.583
59.95,-14.9414,-34.4055,-1.14784,-201.827
59.975,-14.9357,-34.4061,-1.14834,-202.07
60,-14.9299,-34.407,-1.14884,-202.314
60.025,-14.9241,-34.4081,-1.14935,-202.557
60.05,-14.9183,-34.4094,-1.14985,-202.8
60.075,-14.9125,-34.4109,-1.15034,-203.043
60.1,-14.9066,-34.4127,-1.15084,-203.287
60.125,-14.9007,-34.4148,-1.15134,-203.53
60.15,-14.8948,-34.417,-1.15184,-203.773
60.175,-14.8889,-34.4196,-1.15233,-204.016
60.2,-14.8829,-34.4223,-1.15283,-204.259
60.225,-14.8769,-34.4253,-1.15332,-204.502
60.25,-14.8709,-34.4285,-1.15381,-204.746
60.275,-14.8648,-34.432,-1.1543,-204.989
60.3,-14.8588,-34.4357,-1.15479,-205.232
60.325,-14.8527,-34.4397,-1.15528,-205.475
60.35,-14.8465,-34.4439,-1.15576,-205.718
60.375,-14.8404,-34.4484,-1.15625,-205.961
60.4,-14.8342,-34.4531,-1.15673,-206.204
60.425,-14.828,-34.458,-1.15721,-206.447
60.45,-14.8218,-34.4632,-1.15769,-206.69
60.475,-14.8155,-34.4687,-1.15817,-206.933
60.5,-14.8093,-34.4744,-1.15865,-207.176
60.525,-14.803,-34.4803,-1.15912,-207.419
60.55,-14.7967,-34.4865,-1.15959,-207.661
60.575,-14.7903,-34.4929,-1.16006,-207.904
60.6,-14.784,-34.4996,-1.16053,-208.147
60.625,-14.7776,-34.5065,-1.161,-208.39
60.65,-14.7712,-34.5137,-1.16146,-208.633
60.675,-14.7647,-34.5211,-1.16192,-208.876
60.7,-14.7583,-34.5288,-1.16238,-209.118
60.725,-14.7518,-34.5367,-1.16284,-209.361
60.75,-14.7453,-34.5449,-1.1633,-209.604
60.775,-14.7388,-34.5533,-1.16375,-209.847
60.8,-14.7323,-34.562,-1.1642,-210.09
60.825,-14.7258,-34.571,-1.16465,-210.332
60.85,-14.7192,-34.5802,-1.16509,-210.575
60.875,-14.7126,-34.5896,-1.16553,-210.818
60.9,-14.706,-34.5993,-1.16597,-211.06
60.925,-14.6994,-34.6092,-1.16641,-211.303
60.95,-14.6927,-34.6194,-1.16684,-211.546
60.975,-14.6861,-34.6299,-1.16727,-211.789
61,-14.6794,-34.6406,-1.1677,-212.031
61.025,-14.6727,-34.6515,-1.16813,-212.274
61.05,-14.666,-34.6628,-1.16855,-212.517
61.075,-14.6593,-34.6742,-1.16897,-212.759
61.1,-14.6525,-34.6859,-1.16939,-213.002
61.125,-14.6457,-34.6979,-1.1698,-213.245
61.15,-14.639,-34.7102,-1.17022,-213.487
61.175,-14.6322,-34.7226,-1.17062,-213.73
61.2,-14.6254,-34.7354,-1.17103,-213.972
61.225,-14.6185,-34.7484,-1.17143,-214.215
61.25,-14.6117,-34.7616,-1.17183,-214.458
61.275,-14.6048,-34.7751,-1.17223,-214.7
61.3,-14.598,-34.7889,-1.17262,-214.943
61.325,-14.5911,-34.8029,-1.17301,-215.185
61.35,-14.5842,-34.8171,-1.17339,-215.428
61.375,-14.5773,-34.8317,-1.17378,-215.671
61.4,-14.5704,-34.8464,-1.17416,-215.913
61.425,-14.5634,-34.8615,-1.17453,-216.156
61.45,-14.5565,-34.8767,-1.1749,-216.398
61.475,-14.5495,-34.8923,-1.17527,-216.641
61.5,-14.5425,-34.9081,-1.17564,-216.884
61.525,-14.5356,-34.9241,-1.176,-217.126
61.55,-14.5286,-34.9404,-1.17636,-217.369
61.575,-14.5215,-34.957,-1.17672,-217.612
61.6,-14.5145,-34.9738,-1.17707,-217.854
61.625,-14.5075,-34.9908,-1.17742,-218.097
61.65,-14.5004,-35.0081,-1.17776,-218.339
61.675,-14.4934,-35.0257,-1.17811,-218.582
61.7,-14.4863,-35.0435,-1.17844,-218.825
61.725,-14.4792,-35.0616,-1.17878,-219.067
61.75,-14.4722,-35.0799,-1.17911,-219.31
61.775,-14.4651,-35.0985,-1.17944,-219.553
61.8,-14.458,-35.1174,-1.17976,-219.795
61.825,-14.4508,-35.1365,-1.18008,-220.038
61.85,-14.4437,-35.1558,-1.1804,-220.28
61.875,-14.4366,-35.1754,-1.18071,-220.523
61.9,-14.4294,-35.1952,-1.18102,-220.766
61.925,-14.4223,-35.2153,-1.18133,-221.009
61.95,-14.4151,-35.2357,-1.18163,-221.251
61.975,-14.408,-35.2563,-1.18193,-221.494
62,-14.4008,-35.2772,-1.18222,-221.737
62.025,-14.3936,-35.2983,-1.18252,-221.979
62.05,-14.3864,-35.3196,-1.1828,-222.222
62.075,-14.3793,-35.3412,-1.18309,-222.465
62.1,-14.3721,-35.3631,-1.18337,-222.708
62.125,-14.3648,-35.3852,-1.18364,-222.95
62.15,-14.3576,-35.4075,-1.18392,-223.193
62.175,-14.3504,-35.4302,-1.18419,-223.436
62.2,-14.3432,-35.453,-1.18445,-223.679
62.225,-14.336,-35.4761,-1.18472,-223.922
62.25,-14.3287,-35.4995,-1.18497,-224.165
62.275,-14.3215,-35.5231,-1.18523,-224.407
62.3,-14.3142,-35.5469,-1.18548,-224.65
62.325,-14.307,-35.571,-1.18573,-224.893
62.35,-14.2997,-35.5954,-1.18597,-225.136
62.375,-14.2925,-35.62,-1.18621,-225.379
62.4,-14.2852,-35.6448,-1.18645,-225.622
62.425,-14.278,-35.6699,-1.18668,-225.865
62.45,-14.2707,-35.6952,-1.18691,-226.108
62.475,-14.2634,-35.7208,-1.18714,-226.351
62.5,-14.2562,-35.7467,-1.18736,-226.594
62.525,-14.2489,-35.7727,-1.18758,-226.837
62.55,-14.2416,-35.799,-1.18779,-227.08
62.575,-14.2343,-35.8256,-1.18801,-227.323
62.6,-14.227,-35.8524,-1.18821,-227.566
62.625,-14.2197,-35.8795,-1.18842,-227.809
62.65,-14.2125,-35.9068,-1.18862,-228.053
62.675,-14.2052,-35.9343,-1.18882,-228.296
62.7,-14.1979,-35.9621,-1.18901,-228.539
62.725,-14.1906,-35.9901,-1.18921,-228.782
62.75,-14.1833,-36.0183,-1.18939,-229.026
62.775,-14.176,-36.0468,-1.18958,-229.269
62.8,-14.1687,-36.0756,-1.18976,-229.512
62.825,-14.1614,-36.1046,-1.18994,-229.755
62.85,-14.1541,-36.1338,-1.19011,-229.999
62.875,-14.1468,-36.1633,-1.19028,-230.242
62.9,-14.1395,-36.193,-1.19045,-230.486
62.925,-14.1322,-36.2229,-1.19062,-230.729
62.95,-14.1249,-36.2531,-1.19078,-230.973
62.975,-14.1177,-36.2835,-1.19094,-231.216
63,-14.1104,-36.3141,-1.19109,-231.46
63.025,-14.1031,-36.345,-1.19124,-231.703
63.05,-14.0958,-36.3762,-1.19139,-231.947
63.075,-14.0885,-36.4075,-1.19154,-232.19
63.1,-14.0812,-36.4391,-1.19168,-232.434
63.125,-14.0739,-36.4709,-1.19182,-232.678
63.15,-14.0667,-36.503,-1.19196,-232.921
63.175,-14.0594,-36.5353,-1.19209,-233.165
63.2,-14.0521,-36.5678,-1.19223,-233.409
63.225,-14.0448,-36.6006,-1.19236,-233.653
63.25,-14.0376,-36.6336,-1.19248,-233.897
63.275,-14.0303,-36.6668,-1.1926,-234.141
63.3,-14.023,-36.7003,-1.19273,-234.385
63.325,-14.0158,-36.734,-1.19284,-234.629
63.35,-14.0085,-36.7679,-1.19296,-234.873
63.375,-14.0013,-36.802,-1.19307,-235.117
63.4,-13.994,-36.8364,-1.19318,-235.361
63.425,-13.9868,-36.871,-1.19329,-235.605
63.45,-13.9796,-36.9059,-1.1934,-235.849
63.475,-13.9723,-36.9409,-1.1935,-236.093
63.5,-13.9651,-36.9762,-1.1936,-236.337
63.525,-13.9579,-37.0117,-1.1937,-236.582
63.55,-13.9507,-37.0475,-1.1938,-236.826
63.575,-13.9435,-37.0834,-1.19389,-237.07
63.6,-13.9363,-37.1196,-1.19398,-237.315
63.625,-13.9291,-37.156,-1.19407,-237.559
63.65,-13.9219,-37.1927,-1.19416,-237.804
63.675,-13.9147,-37.2295,-1.19425,-238.048
63.7,-13.9075,-37.2666,-1.19433,-238.293
63.725,-13.9003,-37.3039,-1.19441,-238.537
63.75,-13.8932,-37.3414,-1.19449,-238.782
63.775,-13.886,-37.3792,-1.19457,-239.027
63.8,-13.8789,-37.4171,-1.19465,-239.271
63.825,-13.8717,-37.4553,-1.19472,-239.516
63.85,-13.8646,-37.4937,-1.1948,-239.761
63.875,-13.8575,-37.5323,-1.19487,-240.006
63.9,-13.8504,-37.5712,-1.19494,-240.251
63.925,-13.8432,-37.6102,-1.19501,-240.496
63.95,-13.8361,-37.6495,-1.19508,-240.741
63.975,-13.829,-37.689,-1.19515,-240.986
64,-13.822,-37.7286,-1.19521,-241.231
64.025,-13.8149,-37.7686,-1.19528,-241.476
64.05,-13.8078,-37.8087,-1.19534,-241.721
64.075,-13.8008,-37.849,-1.1954,-241.966
64.1,-13.7937,-37.8896,-1.19547,-242.212
64.125,-13.7867,-37.9303,-1.19553,-242.457
64.15,-13.7796,-37.9713,-1.19559,-242.702
64.175,-13.7726,-38.0124,-1.19565,-242.948
64.2,-13.7656,-38.0538,-1.19571,-243.193
64.225,-13.7586,-38.0954,-1.19577,-243.439
64.25,-13.7516,-38.1372,-1.19582,-243.684
64.275,-13.7447,-38.1792,-1.19588,-243.93
64.3,-13.7377,-38.2214,-1.19594,-244.176
64.325,-13.7307,-38.2639,-1.196,-244.421
64.35,-13.7238,-38.3065,-1.19605,-244.667
64.375,-13.7169,-38.3493,-1.19611,-244.913
64.4,-13.7099,-38.3923,-1.19617,-245.159
64.425,-13.703,-38.4356,-1.19623,-245.405
64.45,-13.6961,-38.479,-1.19628,-245.651
64.475,-13.6892,-38.5226,-1.19634,-245.897
64.5,-13.6824,-38.5665,-1.1964,-246.143
64.525,-13.6755,-38.6105,-1.19646,-246.389
64.55,-13.6687,-38.6547,-1.19652,-246.635
64.575,-13.6618,-38.6992,-1.19658,-246.882
64.6,-13.655,-38.7438,-1.19664,-247.128
64.625,-13.6482,-38.7886,-1.1967,-247.374
64.65,-13.6414,-38.8336,-1.19676,-247.621
64.675,-13.6346,-38.8788,-1.19682,-247.867
64.7,-13.6278,-38.9242,-1.19689,-248.114
64.725,-13.6211,-38.9698,-1.19695,-248.36
64.75,-13.6143,-39.0156,-1.19702,-248.607
64.775,-13.6076,-39.0616,-1.19709,-248.854
64.8,-13.6009,-39.1078,-1.19716,-249.101
64.825,-13.5942,-39.1541,-1.19723,-249.347
64.85,-13.5875,-39.2007,-1.1973,-249.594
64.875,-13.5808,-39.2474,-1.19737,-249.841
64.9,-13.5742,-39.2944,-1.19745,-250.088
64.925,-13.5676,-39.3415,-1.19753,-250.335
64.95,-13.5609,-39.3888,-1.19761,-250.582
64.975,-13.5543,-39.4363,-1.19769,-250.829
65,-13.5477,-39.4839,-1.19777,-251.077
65.025,-13.5411,-39.5318,-1.19786,-251.324
65.05,-13.5346,-39.5798,-1.19795,-251.571
65.075,-13.528,-39.628,-1.19804,-251.819
65.1,-13.5215,-39.6764,-1.19814,-252.066
65.125,-13.515,-39.725,-1.19823,-252.314
65.15,-13.5085,-39.7737,-1.19833,-252.561
65.175,-13.502,-39.8226,-1.19844,-252.809
65.2,-13.4956,-39.8717,-1.19854,-253.057
65.225,-13.4891,-39.921,-1.19865,-253.304
65.25,-13.4827,-39.9705,-1.19876,-253.552
65.275,-13.4763,-40.0201,-1.19888,-253.8
65.3,-13.4699,-40.0699,-1.199,-254.048
65.325,-13.4635,-40.1199,-1.19912,-254.296
65.35,-13.4571,-40.17,-1.19925,-254.544
65.375,-13.4508,-40.2203,-1.19938,-254.792
65.4,-13.4445,-40.2708,-1.19951,-255.04
65.425,-13.4382,-40.3214,-1.19965,-255.288
65.45,-13.4319,-40.3722,-1.1998,-255.537
65.475,-13.4256,-40.4232,-1.19994,-255.785
65.5,-13.4194,-40.4744,-1.2001,-256.033
65.525,-13.4132,-40.5257,-1.20025,-256.282
65.55,-13.4069,-40.5771,-1.20041,-256.53
65.575,-13.4008,-40.6288,-1.20058,-256.779
65.6,-13.3946,-40.6805,-1.20075,-257.028
65.625,-13.3884,-40.7325,-1.20093,-257.276
65.65,-13.3823,-40.7846,-1.20111,-257.525
65.675,-13.3762,-40.8369,-1.20129,-257.774
65.7,-13.3701,-40.8893,-1.20149,-258.023
65.725,-13.364,-40.9418,-1.20168,-258.272
65.75,-13.358,-40.9946,-1.20189,-258.521
65.775,-13.352,-41.0474,-1.20209,-258.77
65.8,-13.346,-41.1005,-1.20231,-259.019
65.825,-13.34,-41.1537,-1.20253,-259.268
65.85,-13.334,-41.207,-1.20276,-259.517
65.875,-13.3281,-41.2605,-1.20299,-259.766
65.9,-13.3221,-41.3141,-1.20323,-260.016
65.925,-13.3162,-41.3679,-1.20348,-260.265
65.95,-13.3103,-41.4218,-1.20373,-260.515
65.975,-13.3045,-41.4758,-1.20399,-260.764
66,-13.2986,-41.53,-1.20426,-261.014
66.025,-13.2928,-41.5844,-1.20453,-261.263
66.05,-13.287,-41.6388,-1.20481,-261.513
66.075,-13.2813,-41.6934,-1.2051,-261.763
66.1,-13.2755,-41.7482,-1.2054,-262.012
66.125,-13.2698,-41.8031,-1.2057,-262.262
66.15,-13.2641,-41.8581,-1.20601,-262.512
66.175,-13.2584,-41.9133,-1.20633,-262.762
66.2,-13.2528,-41.9685,-1.20666,-263.012
66.225,-13.2471,-42.024,-1.207,-263.262
66.25,-13.2415,-42.0795,-1.20734,-263.512
66.275,-13.2359,-42.1352,-1.20769,-263.762
66.3,-13.2304,-42.191,-1.20806,-264.013
66.325,-13.2248,-42.2469,-1.20843,-264.263
66.35,-13.2193,-42.3029,-1.2088,-264.513
66.375,-13.2138,-42.3591,-1.20919,-264.764
66.4,-13.2084,-42.4154,-1.20959,-265.014
66.425,-13.2029,-42.4718,-1.21,-265.264
66.45,-13.1975,-42.5283,-1.21041,-265.515
66.475,-13.1921,-42.585,-1.21084,-265.766
66.5,-13.1868,-42.6417,-1.21127,-266.016
66.525,-13.1814,-42.6986,-1.21172,-266.267
66.55,-13.1761,-42.7556,-1.21217,-266.518
66.575,-13.1708,-42.8127,-1.21264,-266.768
66.6,-13.1655,-42.8699,-1.21311,-267.019
66.625,-13.1603,-42.9272,-1.2136,-267.27
66.65,-13.1551,-42.9846,-1.21409,-267.521
66.675,-13.1499,-43.0421,-1.2146,-267.772
66.7,-13.1447,-43.0997,-1.21512,-268.023
66.725,-13.1396,-43.1574,-1.21565,-268.274
66.75,-13.1345,-43.2153,-1.21619,-268.525
66.775,-13.1294,-43.2732,-1.21674,-268.776
66.8,-13.1243,-43.3312,-1.2173,-269.027
66.825,-13.1193,-43.3893,-1.21787,-269.278
66.85,-13.1143,-43.4475,-1.21846,-269.529
66.875,-13.1093,-43.5058,-1.21906,-269.781
66.9,-13.1044,-43.5642,-1.21967,-270.032
66.925,-13.0995,-43.6226,-1.22029,-270.283
66.95,-13.0946,-43.6812,-1.22092,-270.535
66.975,-13.0897,-43.7398,-1.22157,-270.786
67,-13.0849,-43.7985,-1.22222,-271.038
67.025,-13.08,-43.8573,-1.2229,-271.289
67.05,-13.0753,-43.9162,-1.22358,-271.541
67.075,-13.0705,-43.9752,-1.22428,-271.792
67.1,-13.0658,-44.0342,-1.22498,-272.044
67.125,-13.0611,-44.0933,-1.22571,-272.295
67.15,-13.0564,-44.1525,-1.22644,-272.547
67.175,-13.0518,-44.2117,-1.22719,-272.799
67.2,-13.0471,-44.271,-1.22796,-273.05
67.225,-13.0426,-44.3304,-1.22873,-273.302
67.25,-13.038,-44.3899,-1.22952,-273.554
67.275,-13.0335,-44.4494,-1.23033,-273.805
67.3,-13.029,-44.5089,-1.23114,-274.057
67.325,-13.0245,-44.5685,-1.23198,-274.309
67.35,-13.02,-44.6282,-1.23282,-274.561
67.375,-13.0156,-44.688,-1.23368,-274.813
67.4,-13.0112,-44.7477,-1.23456,-275.065
67.425,-13.0069,-44.8076,-1.23545,-275.316
67.45,-13.0026,-44.8674,-1.23636,-275.568
67.475,-12.9983,-44.9274,-1.23727,-275.82
67.5,-12.994,-44.9873,-1.23821,-276.072
67.525,-12.9898,-45.0473,-1.23916,-276.324
67.55,-12.9856,-45.1074,-1.24013,-276.576
67.575,-12.9814,-45.1675,-1.24111,-276.828
67.6,-12.9772,-45.2276,-1.2421,-277.08
67.625,-12.9731,-45.2877,-1.24311,-277.332
67.65,-12.969,-45.3479,-1.24414,-277.584
67.675,-12.965,-45.4081,-1.24518,-277.836
67.7,-12.9609,-45.4684,-1.24624,-278.088
67.725,-12.9569,-45.5286,-1.24732,-278.34
67.75,-12.953,-45.5889,-1.24841,-278.591
67.775,-12.949,-45.6492,-1.24952,-278.843
67.8,-12.9451,-45.7095,-1.25064,-279.095
67.825,-12.9412,-45.7699,-1.25178,-279.347
67.85,-12.9374,-45.8302,-1.25293,-279.599
67.875,-12.9336,-45.8906,-1.25411,-279.851
67.9,-12.9298,-45.9509,-1.2553,-280.103
67.925,-12.926,-46.0113,-1.2565,-280.355
67.95,-12.9223,-46.0716,-1.25773,-280.607
67.975,-12.9186,-46.132,-1.25896,-280.858
68,-12.915,-46.1924,-1.26022,-281.11
68.025,-12.9113,-46.2527,-1.26149,-281.362
68.05,-12.9077,-46.3131,-1.26278,-281.614
68.075,-12.9042,-46.3734,-1.26409,-281.866
68.1,-12.9006,-46.4337,-1.26542,-282.117
68.125,-12.8971,-46.494,-1.26676,-282.369
68.15,-12.8936,-46.5543,-1.26812,-282.621
68.175,-12.8902,-46.6146,-1.26949,-282.872
68.2,-12.8868,-46.6748,-1.27089,-283.124
68.225,-12.8834,-46.735,-1.2723,-283.375
68.25,-12.88,-46.7952,-1.27373,-283.627
68.275,-12.8767,-46.8554,-1.27517,-283.878
68.3,-12.8734,-46.9155,-1.27664,-284.13
68.325,-12.8701,-46.9756,-1.27812,-284.381
68.35,-12.8669,-47.0356,-1.27961,-284.632
68.375,-12.8637,-47.0956,-1.28113,-284.884
68.4,-12.8605,-47.1556,-1.28266,-285.135
68.425,-12.8574,-47.2155,-1.28421,-285.386
68.45,-12.8543,-47.2753,-1.28578,-285.637
68.475,-12.8512,-47.3351,-1.28737,-285.888
68.5,-12.8481,-47.3949,-1.28897,-286.139
68.525,-12.8451,-47.4546,-1.29059,-286.39
68.55,-12.8421,-47.5142,-1.29223,-286.641
68.575,-12.8392,-47.5737,-1.29388,-286.891
68.6,-12.8362,-47.6332,-1.29556,-287.142
68.625,-12.8333,-47.6926,-1.29725,-287.393
68.65,-12.8305,-47.752,-1.29895,-287.643
68.675,-12.8276,-47.8112,-1.30068,-287.894
68.7,-12.8248,-47.8704,-1.30242,-288.144
68.725,-12.822,-47.9295,-1.30418,-288.394
68.75,-12.8193,-47.9885,-1.30595,-288.644
68.775,-12.8166,-48.0474,-1.30775,-288.894
68.8,-12.8139,-48.1062,-1.30956,-289.144
68.825,-12.8112,-48.1649,-1.31138,-289.394
68.85,-12.8086,-48.2236,-1.31322,-289.644
68.875,-12.806,-48.2821,-1.31508,-289.894
68.9,-12.8034,-48.3405,-1.31696,-290.143
68.925,-12.8008,-48.3988,-1.31885,-290.393
68.95,-12.7983,-48.457,-1.32076,-290.642
68.975,-12.7958,-48.5151,-1.32268,-290.891
69,-12.7934,-48.5731,-1.32462,-291.14
69.025,-12.7909,-48.6309,-1.32658,-291.389
69.05,-12.7885,-48.6886,-1.32855,-291.638
69.075,-12.7861,-48.7462,-1.33053,-291.887
69.1,-12.7838,-48.8037,-1.33254,-292.136
69.125,-12.7815,-48.861,-1.33455,-292.384
69.15,-12.7791,-48.9182,-1.33658,-292.632
69.175,-12.7769,-48.9752,-1.33863,-292.881
69.2,-12.7746,-49.0321,-1.34069,-293.129
69.225,-12.7724,-49.0888,-1.34276,-293.377
69.25,-12.7702,-49.1454,-1.34485,-293.624
69.275,-12.768,-49.2019,-1.34695,-293.872
69.3,-12.7659,-49.2582,-1.34906,-294.119
69.325,-12.7638,-49.3143,-1.35119,-294.367
69.35,-12.7617,-49.3702,-1.35333,-294.614
69.375,-12.7596,-49.426,-1.35548,-294.861
69.4,-12.7575,-49.4816,-1.35765,-295.107
69.425,-12.7555,-49.5371,-1.35982,-295.354
69.45,-12.7535,-49.5924,-1.36201,-295.601
69.475,-12.7515,-49.6474,-1.36421,-295.847
69.5,-12.7496,-49.7023,-1.36642,-296.093
69.525,-12.7476,-49.7571,-1.36864,-296.339
69.55,-12.7457,-49.8116,-1.37087,-296.584
69.575,-12.7438,-49.8659,-1.37311,-296.83
69.6,-12.742,-49.92,-1.37535,-297.075
69.625,-12.7401,-49.974,-1.37761,-297.32
69.65,-12.7383,-50.0277,-1.37987,-297.565
69.675,-12.7365,-50.0812,-1.38215,-297.81
69.7,-12.7347,-50.1345,-1.38443,-298.054
69.725,-12.7329,-50.1876,-1.38671,-298.299
69.75,-12.7311,-50.2405,-1.389,-298.543
69.775,-12.7294,-50.2931,-1.3913,-298.787
69.8,-12.7277,-50.3456,-1.39361,-299.03
69.825,-12.726,-50.3978,-1.39591,-299.274
69.85,-12.7243,-50.4498,-1.39823,-299.517
69.875,-12.7226,-50.5015,-1.40054,-299.76
69.9,-12.721,-50.553,-1.40286,-300.002
69.925,-12.7193,-50.6043,-1.40518,-300.245
69.95,-12.7177,-50.6553,-1.4075,-300.487
69.975,-12.7161,-50.7061,-1.40983,-300.729
70,-12.7145,-50.7566,-1.41215,-300.971
