Designator,Footprint,Quantity,Value,Manufacturer,Partnumber,LCSC Part #
"C2, C5, C38, C62",Radar60_C_1u_0402:C_0402_1005Metric,4,,Samsung Electro-Mechanics,CL05A105KA5NQNC,C52923
"C3, C4, C6, C26, C31, C34, C37, C61, C70",Radar60_C_100n_0402:C_0402_1005Metric,9,,Samsung Electro-Mechanics,CL05B104KO5NNNC,C1525
"C7, C9, C18, C19, C20, C21, C22, C24, C36, C53, C56, C59",Radar60_C_22u_0805:C_0805_2012Metric,12,,Samsung Electro-Mechanics,CL21A226MAQNNNE,C45783
"C8, C10, C23, C25, C41, C42, C52, C55, C58, C69",Radar60_C_10u_0603:C_0603_1608Metric,10,,Samsung Electro-Mechanics,CL10A106KP8NNNC,C19702
"C14, C15, C16, C17, C33",Radar60_C_10u_0805:C_0805_2012Metric,5,,Samsung Electro-Mechanics,CL21A106KAYNNNE,C15850
"C27, C28, C29, C30",Radar60_C_390p_0402:C_0402_1005Metric,4,,Murata,GCM1555C1H391JA16D,C723890
C32,Radar60_C_470p_0402:C_0402_1005Metric,1,,FH (Guangdong Fenghua),0402B471K500NT,C1537
C35,Radar60_C_1n_0402:C_0402_1005Metric,1,,FH (Guangdong Fenghua),0402B102K500NT,C1523
"C39, C40, C43, C44, C45, C46, C47, C48, C51, C54, C57, C60, C64, C65, C66, C67",Radar60_C_220n_0402:C_0402_1005Metric,16,,Samsung Electro-Mechanics,CL05B224KO5NNNC,C16772
"C49, C68",Radar60_C_2u2_0402:C_0402_1005Metric,2,,Samsung Electro-Mechanics,CL05A225MQ5NSNC,C12530
C50,Radar60_C_10n_0402:C_0402_1005Metric,1,,Samsung Electro-Mechanics,CL05B103KB5NNNC,C15195
C63,Radar60_C_47n_0402:C_0402_1005Metric,1,,Murata,GRM155R71E473KA88D,C77017
"C71, C72",Radar60_C_4p7_0402:C_0402_1005Metric,2,,FH (Guangdong Fenghua),0402CG4R7C500NT,C1569
D1,Radar60_ESD2CAN24DBZRQ1:SOT-23,1,,Texas Instruments,ESD2CAN24DBZRQ1,C5736151
D2,Radar60_TPD2E2U06DCKR:SOT-323_SC-70,1,,Texas Instruments,TPD2E2U06DCKR,C1855726
D3,Radar60_SMF5V0A:D_SMF,1,,Littelfuse,SMF5.0A,C151296
D4,Radar60_LED_Green_0603:LED_0603_1608Metric,1,,Everlight,19-217/GHC-YR1S2/3T,C72043
"FB1, FB2, FB3, FB4, FB5",Radar60_FB_MPZ2012S101A:L_0805_2012Metric,5,,TDK,MPZ2012S101AT000,C15957
J1,Radar60_JST_SM08B_GHS_TB:JST_GH_SM08B-GHS-TB_1x08-1MP_P1.25mm_Horizontal,1,,JST,SM08B-GHS-TB(LF)(SN),C265111
J2,Radar60_QTH_030_01_L_D_A:Samtec_QTH-030-01-L-D-A_2x30_P0.5mm_Vertical,1,,Samtec,QTH-030-01-L-D-A,C2843756
"L1, L2",Radar60_L_0u47_MCKK2012:L_0805_2012Metric,2,,Taiyo Yuden,MCKK2012TR47M,C655211
"L3, L4",Radar60_L_0u47_IHLP1616BZ:L_Vishay_IHLP-1616,2,,Vishay Dale,IHLP1616BZERR47M11,C844982
Q1,Radar60_2N7002:SOT-23,1,,JSCJ,2N7002,C8545
"R2, R3, R7, R13, R22, R27, R46, R47, R54",Radar60_R_0_0402:R_0402_1005Metric,9,,UNI-ROYAL,0402WGF0000TCE,C17168
R9,Radar60_R_22_0402:R_0402_1005Metric,1,,UNI-ROYAL,0402WGF220JTCE,C25092
"R10, R11, R12, R19, R20, R21, R25, R26, R37, R39, R41, R44, R45, R48, R49, R50, R56",Radar60_R_10k_0402:R_0402_1005Metric,17,,UNI-ROYAL,0402WGF1002TCE,C25744
"R28, R29",Radar60_R_4k99_0402:R_0402_1005Metric,2,,UNI-ROYAL,0402WGF4991TCE,C25903
"R30, R31, R32, R33",Radar60_R_3R9_0402:R_0402_1005Metric,4,,Vishay Dale,CRCW04023R90JNED,C3988797
R34,Radar60_R_1k65_0402:R_0402_1005Metric,1,,UNI-ROYAL,0402WGF1651TCE,C25869
R35,Radar60_R_11k_0402:R_0402_1005Metric,1,,UNI-ROYAL,0402WGF1102TCE,C25749
"R36, R38",Radar60_R_39k_0402:R_0402_1005Metric,2,,UNI-ROYAL,0402WGF3902TCE,C25783
"R40, R42",Radar60_R_24k_0402:R_0402_1005Metric,2,,UNI-ROYAL,0402WGF2402TCE,C25769
"R43, R57, R58",Radar60_R_1k_0402:R_0402_1005Metric,3,,UNI-ROYAL,0402WGF1001TCE,C11702
"R51, R52, R53",Radar60_R_100k_0402:R_0402_1005Metric,3,,UNI-ROYAL,0402WGF1003TCE,C25741
R_SH1,Radar60_R_2m_0612:Vishay_WFCP0612_1632Metric,1,,Vishay Dale,WFCP06122L000FE66,C3917256
U1,Radar60_IWR6843AQGABLR:TI_ABL0161B_FCBGA-161_10.4x10.4mm_Layout15x15_P0.65mm,1,,Texas Instruments,IWR6843AQGABLR,C2866258
U2,Radar60_LP87524JRNFRQ1:TI_RNF0026C_VQFN-HR-26_4.5x4mm_P0.5mm,1,,Texas Instruments,LP87524JRNFRQ1,C701982
U3,Radar60_MX25V1635FZNQ:WSON-8-1EP_6x5mm_P1.27mm_EP3.4x4mm,1,,Macronix,MX25V1635FZNQ,C2908148
U4,Radar60_TCAN1044AVDRBRQ1:Texas_DRB0008A,1,,Texas Instruments,TCAN1044AVDRBRQ1,C3234119
U5,Radar60_TPS259474ARPWR:TI_RPW0010A_VQFN-HR-10_2x2mm_P0.45mm,1,,Texas Instruments,TPS259474ARPWR,C3662807
Y1,Radar60_CX3225SA40000D0PTWCC:Crystal_SMD_3225-4Pin_3.2x2.5mm,1,,Kyocera AVX,CX3225SA40000D0PTWCC,C2908116
