# f_ghz,s_RX4.Pb_db,s_RX4.Pb_deg,s_RX4.Pf_db,s_RX4.Pf_deg,pa_coupling_db
54,-14.5041,-33.5499,-1.29409,-143.678,-42.2783
54.025,-14.5081,-33.5549,-1.29222,-143.91,-42.2882
54.05,-14.5121,-33.5596,-1.29034,-144.143,-42.2982
54.075,-14.5161,-33.564,-1.28847,-144.376,-42.3083
54.1,-14.5201,-33.568,-1.2866,-144.609,-42.3183
54.125,-14.524,-33.5717,-1.28474,-144.843,-42.3284
54.15,-14.528,-33.5751,-1.28287,-145.077,-42.3385
54.175,-14.5319,-33.5781,-1.28101,-145.311,-42.3486
54.2,-14.5358,-33.5809,-1.27915,-145.545,-42.3588
54.225,-14.5397,-33.5833,-1.2773,-145.78,-42.369
54.25,-14.5436,-33.5854,-1.27545,-146.015,-42.3792
54.275,-14.5475,-33.5871,-1.27361,-146.25,-42.3894
54.3,-14.5513,-33.5886,-1.27177,-146.485,-42.3997
54.325,-14.5552,-33.5897,-1.26994,-146.721,-42.4099
54.35,-14.559,-33.5905,-1.26812,-146.957,-42.4202
54.375,-14.5627,-33.591,-1.2663,-147.193,-42.4306
54.4,-14.5665,-33.5912,-1.26449,-147.43,-42.4409
54.425,-14.5703,-33.591,-1.2627,-147.666,-42.4513
54.45,-14.574,-33.5905,-1.26091,-147.903,-42.4616
54.475,-14.5777,-33.5898,-1.25913,-148.14,-42.472
54.5,-14.5814,-33.5887,-1.25736,-148.378,-42.4825
54.525,-14.585,-33.5873,-1.2556,-148.615,-42.4929
54.55,-14.5886,-33.5856,-1.25385,-148.853,-42.5034
54.575,-14.5922,-33.5835,-1.25211,-149.091,-42.5138
54.6,-14.5958,-33.5812,-1.25038,-149.33,-42.5243
54.625,-14.5993,-33.5786,-1.24867,-149.568,-42.5348
54.65,-14.6029,-33.5757,-1.24696,-149.807,-42.5454
54.675,-14.6063,-33.5724,-1.24527,-150.046,-42.5559
54.7,-14.6098,-33.5689,-1.2436,-150.285,-42.5665
54.725,-14.6132,-33.5651,-1.24193,-150.524,-42.577
54.75,-14.6166,-33.5609,-1.24028,-150.764,-42.5876
54.775,-14.62,-33.5565,-1.23864,-151.003,-42.5982
54.8,-14.6233,-33.5518,-1.23702,-151.243,-42.6088
54.825,-14.6266,-33.5468,-1.23541,-151.483,-42.6194
54.85,-14.6298,-33.5415,-1.23382,-151.723,-42.63
54.875,-14.6331,-33.536,-1.23224,-151.964,-42.6407
54.9,-14.6363,-33.5301,-1.23067,-152.204,-42.6513
54.925,-14.6394,-33.524,-1.22912,-152.445,-42.662
54.95,-14.6425,-33.5176,-1.22759,-152.686,-42.6727
54.975,-14.6456,-33.5109,-1.22607,-152.927,-42.6833
55,-14.6486,-33.504,-1.22456,-153.169,-42.694
55.025,-14.6517,-33.4968,-1.22308,-153.41,-42.7047
55.05,-14.6546,-33.4893,-1.22161,-153.652,-42.7154
55.075,-14.6575,-33.4816,-1.22015,-153.893,-42.7261
55.1,-14.6604,-33.4736,-1.21872,-154.135,-42.7368
55.125,-14.6633,-33.4653,-1.21729,-154.377,-42.7475
55.15,-14.6661,-33.4568,-1.21589,-154.62,-42.7583
55.175,-14.6689,-33.448,-1.2145,-154.862,-42.769
55.2,-14.6716,-33.439,-1.21313,-155.104,-42.7797
55.225,-14.6743,-33.4298,-1.21178,-155.347,-42.7904
55.25,-14.6769,-33.4203,-1.21044,-155.59,-42.8012
55.275,-14.6795,-33.4105,-1.20912,-155.833,-42.8119
55.3,-14.682,-33.4006,-1.20782,-156.076,-42.8227
55.325,-14.6846,-33.3903,-1.20654,-156.319,-42.8334
55.35,-14.687,-33.3799,-1.20527,-156.562,-42.8442
55.375,-14.6894,-33.3692,-1.20403,-156.805,-42.8549
55.4,-14.6918,-33.3584,-1.2028,-157.049,-42.8657
55.425,-14.6941,-33.3472,-1.20158,-157.292,-42.8764
55.45,-14.6964,-33.3359,-1.20039,-157.536,-42.8872
55.475,-14.6987,-33.3244,-1.19921,-157.78,-42.8979
55.5,-14.7008,-33.3126,-1.19805,-158.024,-42.9086
55.525,-14.703,-33.3007,-1.19691,-158.268,-42.9194
55.55,-14.7051,-33.2885,-1.19579,-158.512,-42.9301
55.575,-14.7071,-33.2762,-1.19469,-158.756,-42.9409
55.6,-14.7091,-33.2636,-1.1936,-159.001,-42.9516
55.625,-14.711,-33.2509,-1.19253,-159.245,-42.9623
55.65,-14.7129,-33.2379,-1.19148,-159.489,-42.9731
55.675,-14.7148,-33.2248,-1.19045,-159.734,-42.9838
55.7,-14.7166,-33.2115,-1.18944,-159.979,-42.9945
55.725,-14.7183,-33.198,-1.18844,-160.224,-43.0052
55.75,-14.72,-33.1844,-1.18746,-160.468,-43.0159
55.775,-14.7217,-33.1705,-1.1865,-160.713,-43.0267
55.8,-14.7233,-33.1565,-1.18556,-160.958,-43.0373
55.825,-14.7248,-33.1424,-1.18464,-161.203,-43.048
55.85,-14.7263,-33.1281,-1.18373,-161.448,-43.0587
55.875,-14.7277,-33.1136,-1.18285,-161.694,-43.0694
55.9,-14.7291,-33.099,-1.18198,-161.939,-43.0801
55.925,-14.7304,-33.0842,-1.18112,-162.184,-43.0907
55.95,-14.7317,-33.0692,-1.18029,-162.43,-43.1014
55.975,-14.7329,-33.0542,-1.17948,-162.675,-43.112
56,-14.7341,-33.039,-1.17868,-162.921,-43.1227
56.025,-14.7352,-33.0236,-1.1779,-163.166,-43.1333
56.05,-14.7363,-33.0082,-1.17713,-163.412,-43.1439
56.075,-14.7373,-32.9926,-1.17639,-163.658,-43.1545
56.1,-14.7382,-32.9768,-1.17566,-163.903,-43.1651
56.125,-14.7391,-32.961,-1.17495,-164.149,-43.1757
56.15,-14.74,-32.945,-1.17426,-164.395,-43.1863
56.175,-14.7408,-32.929,-1.17358,-164.641,-43.1969
56.2,-14.7415,-32.9128,-1.17292,-164.887,-43.2074
56.225,-14.7422,-32.8965,-1.17228,-165.133,-43.218
56.25,-14.7428,-32.8801,-1.17166,-165.379,-43.2285
56.275,-14.7434,-32.8636,-1.17105,-165.625,-43.239
56.3,-14.7439,-32.8471,-1.17046,-165.871,-43.2495
56.325,-14.7444,-32.8304,-1.16989,-166.117,-43.26
56.35,-14.7448,-32.8137,-1.16933,-166.363,-43.2705
56.375,-14.7451,-32.7968,-1.16879,-166.609,-43.2809
56.4,-14.7454,-32.7799,-1.16827,-166.856,-43.2914
56.425,-14.7456,-32.7629,-1.16776,-167.102,-43.3018
56.45,-14.7458,-32.7459,-1.16727,-167.348,-43.3122
56.475,-14.7459,-32.7288,-1.1668,-167.595,-43.3226
56.5,-14.746,-32.7116,-1.16634,-167.841,-43.333
56.525,-14.746,-32.6943,-1.16589,-168.087,-43.3434
56.55,-14.7459,-32.677,-1.16547,-168.334,-43.3537
56.575,-14.7458,-32.6597,-1.16506,-168.58,-43.3641
56.6,-14.7457,-32.6423,-1.16466,-168.826,-43.3744
56.625,-14.7455,-32.6248,-1.16428,-169.073,-43.3847
56.65,-14.7452,-32.6073,-1.16392,-169.319,-43.395
56.675,-14.7449,-32.5898,-1.16357,-169.566,-43.4052
56.7,-14.7445,-32.5722,-1.16323,-169.812,-43.4155
56.725,-14.744,-32.5547,-1.16291,-170.059,-43.4257
56.75,-14.7435,-32.537,-1.16261,-170.305,-43.4359
56.775,-14.743,-32.5194,-1.16232,-170.552,-43.4461
56.8,-14.7423,-32.5017,-1.16205,-170.798,-43.4563
56.825,-14.7417,-32.4841,-1.16179,-171.045,-43.4665
56.85,-14.7409,-32.4664,-1.16154,-171.291,-43.4766
56.875,-14.7402,-32.4487,-1.16131,-171.538,-43.4867
56.9,-14.7393,-32.431,-1.16109,-171.784,-43.4968
56.925,-14.7384,-32.4133,-1.16089,-172.031,-43.5069
56.95,-14.7375,-32.3956,-1.1607,-172.277,-43.5169
56.975,-14.7364,-32.3779,-1.16052,-172.524,-43.527
57,-14.7354,-32.3602,-1.16036,-172.77,-43.537
57.025,-14.7343,-32.3425,-1.16021,-173.017,-43.547
57.05,-14.7331,-32.3248,-1.16008,-173.263,-43.557
57.075,-14.7318,-32.3072,-1.15996,-173.51,-43.5669
57.1,-14.7305,-32.2896,-1.15985,-173.756,-43.5768
57.125,-14.7292,-32.272,-1.15975,-174.003,-43.5867
57.15,-14.7278,-32.2544,-1.15967,-174.249,-43.5966
57.175,-14.7263,-32.2369,-1.1596,-174.496,-43.6065
57.2,-14.7248,-32.2194,-1.15954,-174.742,-43.6163
57.225,-14.7232,-32.202,-1.1595,-174.989,-43.6261
57.25,-14.7216,-32.1845,-1.15946,-175.235,-43.6359
57.275,-14.7199,-32.1672,-1.15944,-175.481,-43.6457
57.3,-14.7182,-32.1499,-1.15943,-175.728,-43.6554
57.325,-14.7164,-32.1326,-1.15944,-175.974,-43.6652
57.35,-14.7146,-32.1154,-1.15945,-176.221,-43.6749
57.375,-14.7127,-32.0982,-1.15948,-176.467,-43.6845
57.4,-14.7107,-32.0811,-1.15952,-176.713,-43.6942
57.425,-14.7087,-32.0641,-1.15957,-176.96,-43.7038
57.45,-14.7066,-32.0471,-1.15963,-177.206,-43.7134
57.475,-14.7045,-32.0302,-1.1597,-177.452,-43.723
57.5,-14.7023,-32.0134,-1.15978,-177.699,-43.7325
57.525,-14.7001,-31.9967,-1.15987,-177.945,-43.742
57.55,-14.6978,-31.98,-1.15998,-178.191,-43.7515
57.575,-14.6955,-31.9635,-1.16009,-178.437,-43.761
57.6,-14.6931,-31.947,-1.16022,-178.684,-43.7704
57.625,-14.6907,-31.9306,-1.16035,-178.93,-43.7799
57.65,-14.6882,-31.9143,-1.1605,-179.176,-43.7892
57.675,-14.6856,-31.898,-1.16065,-179.422,-43.7986
57.7,-14.683,-31.8819,-1.16082,-179.668,-43.8079
57.725,-14.6804,-31.8659,-1.16099,-179.914,-43.8173
57.75,-14.6777,-31.85,-1.16117,-180.16,-43.8265
57.775,-14.6749,-31.8342,-1.16137,-180.406,-43.8358
57.8,-14.6721,-31.8185,-1.16157,-180.652,-43.845
57.825,-14.6693,-31.8029,-1.16178,-180.898,-43.8542
57.85,-14.6664,-31.7874,-1.162,-181.144,-43.8634
57.875,-14.6634,-31.772,-1.16223,-181.39,-43.8725
57.9,-14.6604,-31.7568,-1.16247,-181.636,-43.8816
57.925,-14.6573,-31.7417,-1.16271,-181.882,-43.8907
57.95,-14.6542,-31.7267,-1.16297,-182.128,-43.8998
57.975,-14.6511,-31.7118,-1.16323,-182.374,-43.9088
58,-14.6478,-31.6971,-1.1635,-182.62,-43.9178
58.025,-14.6446,-31.6824,-1.16378,-182.865,-43.9268
58.05,-14.6413,-31.668,-1.16407,-183.111,-43.9357
58.075,-14.6379,-31.6536,-1.16436,-183.357,-43.9446
58.1,-14.6345,-31.6394,-1.16467,-183.603,-43.9535
58.125,-14.6311,-31.6254,-1.16498,-183.848,-43.9624
58.15,-14.6276,-31.6114,-1.16529,-184.094,-43.9712
58.175,-14.624,-31.5977,-1.16562,-184.339,-43.98
58.2,-14.6204,-31.584,-1.16595,-184.585,-43.9888
58.225,-14.6168,-31.5706,-1.16629,-184.83,-43.9975
58.25,-14.6131,-31.5572,-1.16663,-185.076,-44.0062
58.275,-14.6093,-31.5441,-1.16699,-185.321,-44.0149
58.3,-14.6055,-31.5311,-1.16734,-185.567,-44.0235
58.325,-14.6017,-31.5182,-1.16771,-185.812,-44.0321
58.35,-14.5978,-31.5055,-1.16808,-186.058,-44.0407
58.375,-14.5939,-31.493,-1.16846,-186.303,-44.0492
58.4,-14.5899,-31.4806,-1.16884,-186.548,-44.0578
58.425,-14.5859,-31.4684,-1.16923,-186.794,-44.0663
58.45,-14.5819,-31.4564,-1.16963,-187.039,-44.0747
58.475,-14.5778,-31.4446,-1.17003,-187.284,-44.0831
58.5,-14.5736,-31.4329,-1.17043,-187.529,-44.0915
58.525,-14.5694,-31.4214,-1.17084,-187.774,-44.0999
58.55,-14.5652,-31.4101,-1.17126,-188.019,-44.1082
58.575,-14.5609,-31.3989,-1.17168,-188.264,-44.1165
58.6,-14.5566,-31.3879,-1.17211,-188.509,-44.1248
58.625,-14.5522,-31.3772,-1.17254,-188.754,-44.133
58.65,-14.5478,-31.3666,-1.17298,-188.999,-44.1412
58.675,-14.5434,-31.3561,-1.17342,-189.244,-44.1494
58.7,-14.5389,-31.3459,-1.17387,-189.489,-44.1575
58.725,-14.5343,-31.3359,-1.17432,-189.734,-44.1656
58.75,-14.5298,-31.326,-1.17477,-189.979,-44.1737
58.775,-14.5252,-31.3164,-1.17523,-190.224,-44.1817
58.8,-14.5205,-31.3069,-1.1757,-190.468,-44.1897
58.825,-14.5158,-31.2977,-1.17616,-190.713,-44.1977
58.85,-14.5111,-31.2886,-1.17663,-190.958,-44.2056
58.875,-14.5063,-31.2797,-1.17711,-191.203,-44.2135
58.9,-14.5015,-31.2711,-1.17759,-191.447,-44.2214
58.925,-14.4966,-31.2626,-1.17807,-191.692,-44.2292
58.95,-14.4917,-31.2543,-1.17855,-191.936,-44.237
58.975,-14.4868,-31.2463,-1.17904,-192.181,-44.2448
59,-14.4818,-31.2384,-1.17954,-192.425,-44.2525
59.025,-14.4768,-31.2308,-1.18003,-192.67,-44.2602
59.05,-14.4718,-31.2234,-1.18053,-192.914,-44.2679
59.075,-14.4667,-31.2162,-1.18103,-193.159,-44.2755
59.1,-14.4616,-31.2092,-1.18153,-193.403,-44.2831
59.125,-14.4564,-31.2024,-1.18204,-193.647,-44.2907
59.15,-14.4512,-31.1958,-1.18255,-193.891,-44.2982
59.175,-14.446,-31.1894,-1.18306,-194.136,-44.3057
59.2,-14.4407,-31.1833,-1.18357,-194.38,-44.3132
59.225,-14.4354,-31.1774,-1.18409,-194.624,-44.3206
59.25,-14.4301,-31.1716,-1.18461,-194.868,-44.328
59.275,-14.4247,-31.1662,-1.18513,-195.112,-44.3354
59.3,-14.4193,-31.1609,-1.18565,-195.357,-44.3427
59.325,-14.4139,-31.1559,-1.18617,-195.601,-44.35
59.35,-14.4084,-31.151,-1.1867,-195.845,-44.3572
59.375,-14.4029,-31.1464,-1.18723,-196.089,-44.3644
59.4,-14.3973,-31.1421,-1.18776,-196.333,-44.3716
59.425,-14.3918,-31.1379,-1.18829,-196.576,-44.3788
59.45,-14.3862,-31.134,-1.18882,-196.82,-44.3859
59.475,-14.3805,-31.1304,-1.18935,-197.064,-44.393
59.5,-14.3749,-31.1269,-1.18988,-197.308,-44.4
59.525,-14.3692,-31.1237,-1.19042,-197.552,-44.407
59.55,-14.3634,-31.1207,-1.19096,-197.796,-44.414
59.575,-14.3577,-31.1179,-1.19149,-198.039,-44.4209
59.6,-14.3519,-31.1154,-1.19203,-198.283,-44.4278
59.625,-14.3461,-31.1131,-1.19257,-198.527,-44.4347
59.65,-14.3402,-31.1111,-1.19311,-198.77,-44.4415
59.675,-14.3343,-31.1093,-1.19365,-199.014,-44.4483
59.7,-14.3284,-31.1077,-1.19419,-199.258,-44.455
59.725,-14.3225,-31.1063,-1.19473,-199.501,-44.4618
59.75,-14.3165,-31.1052,-1.19527,-199.745,-44.4684
59.775,-14.3105,-31.1044,-1.19581,-199.988,-44.4751
59.8,-14.3045,-31.1038,-1.19635,-200.232,-44.4817
59.825,-14.2984,-31.1034,-1.1969,-200.475,-44.4883
59.85,-14.2923,-31.1032,-1.19744,-200.719,-44.4948
59.875,-14.2862,-31.1033,-1.19798,-200.962,-44.5013
59.9,-14.2801,-31.1037,-1.19852,-201.205,-44.5078
59.925,-14.2739,-31.1043,-1.19906,-201.449,-44.5142
59.95,-14.2677,-31.1051,-1.1996,-201.692,-44.5206
59.975,-14.2615,-31.1062,-1.20014,-201.935,-44.527
60,-14.2553,-31.1075,-1.20068,-202.179,-44.5333
60.025,-14.249,-31.109,-1.20122,-202.422,-44.5396
60.05,-14.2427,-31.1108,-1.20176,-202.665,-44.5458
60.075,-14.2364,-31.1129,-1.2023,-202.908,-44.552
60.1,-14.2301,-31.1152,-1.20283,-203.151,-44.5582
60.125,-14.2237,-31.1177,-1.20337,-203.395,-44.5643
60.15,-14.2173,-31.1205,-1.2039,-203.638,-44.5704
60.175,-14.2109,-31.1236,-1.20444,-203.881,-44.5765
60.2,-14.2045,-31.1269,-1.20497,-204.124,-44.5825
60.225,-14.198,-31.1304,-1.2055,-204.367,-44.5885
60.25,-14.1915,-31.1342,-1.20603,-204.61,-44.5945
60.275,-14.185,-31.1383,-1.20656,-204.853,-44.6004
60.3,-14.1785,-31.1425,-1.20709,-205.096,-44.6062
60.325,-14.1719,-31.1471,-1.20762,-205.339,-44.6121
60.35,-14.1654,-31.1519,-1.20814,-205.582,-44.6179
60.375,-14.1588,-31.1569,-1.20867,-205.825,-44.6237
60.4,-14.1522,-31.1622,-1.20919,-206.068,-44.6294
60.425,-14.1455,-31.1677,-1.20971,-206.311,-44.6351
60.45,-14.1389,-31.1735,-1.21023,-206.553,-44.6407
60.475,-14.1322,-31.1796,-1.21074,-206.796,-44.6463
60.5,-14.1255,-31.1859,-1.21126,-207.039,-44.6519
60.525,-14.1188,-31.1924,-1.21177,-207.282,-44.6575
60.55,-14.1121,-31.1992,-1.21228,-207.525,-44.663
60.575,-14.1053,-31.2063,-1.21279,-207.767,-44.6684
60.6,-14.0986,-31.2136,-1.2133,-208.01,-44.6739
60.625,-14.0918,-31.2212,-1.21381,-208.253,-44.6792
60.65,-14.085,-31.229,-1.21431,-208.496,-44.6846
60.675,-14.0781,-31.2371,-1.21481,-208.738,-44.6899
60.7,-14.0713,-31.2454,-1.21531,-208.981,-44.6952
60.725,-14.0644,-31.254,-1.21581,-209.224,-44.7004
60.75,-14.0576,-31.2628,-1.2163,-209.466,-44.7056
60.775,-14.0507,-31.2719,-1.21679,-209.709,-44.7108
60.8,-14.0438,-31.2812,-1.21728,-209.952,-44.7159
60.825,-14.0369,-31.2908,-1.21777,-210.194,-44.721
60.85,-14.0299,-31.3006,-1.21825,-210.437,-44.7261
60.875,-14.023,-31.3107,-1.21873,-210.68,-44.7311
60.9,-14.016,-31.3211,-1.21921,-210.922,-44.736
60.925,-14.009,-31.3317,-1.21969,-211.165,-44.741
60.95,-14.002,-31.3425,-1.22016,-211.407,-44.7459
60.975,-13.995,-31.3536,-1.22063,-211.65,-44.7507
61,-13.988,-31.365,-1.2211,-211.892,-44.7556
61.025,-13.9809,-31.3766,-1.22157,-212.135,-44.7603
61.05,-13.9739,-31.3885,-1.22203,-212.377,-44.7651
61.075,-13.9668,-31.4006,-1.22249,-212.62,-44.7698
61.1,-13.9597,-31.413,-1.22294,-212.862,-44.7745
61.125,-13.9526,-31.4256,-1.2234,-213.105,-44.7791
61.15,-13.9455,-31.4385,-1.22385,-213.347,-44.7837
61.175,-13.9384,-31.4517,-1.22429,-213.59,-44.7883
61.2,-13.9312,-31.4651,-1.22474,-213.832,-44.7928
61.225,-13.9241,-31.4787,-1.22518,-214.075,-44.7973
61.25,-13.9169,-31.4926,-1.22562,-214.317,-44.8017
61.275,-13.9098,-31.5067,-1.22605,-214.56,-44.8061
61.3,-13.9026,-31.5211,-1.22649,-214.802,-44.8105
61.325,-13.8954,-31.5358,-1.22691,-215.045,-44.8148
61.35,-13.8882,-31.5507,-1.22734,-215.287,-44.8191
61.375,-13.881,-31.5659,-1.22776,-215.53,-44.8233
61.4,-13.8738,-31.5813,-1.22818,-215.772,-44.8275
61.425,-13.8665,-31.5969,-1.22859,-216.015,-44.8317
61.45,-13.8593,-31.6129,-1.22901,-216.257,-44.8359
61.475,-13.852,-31.629,-1.22941,-216.499,-44.84
61.5,-13.8448,-31.6454,-1.22982,-216.742,-44.844
61.525,-13.8375,-31.6621,-1.23022,-216.984,-44.848
61.55,-13.8302,-31.679,-1.23062,-217.227,-44.852
61.575,-13.8229,-31.6962,-1.23101,-217.469,-44.856
61.6,-13.8156,-31.7136,-1.23141,-217.712,-44.8599
61.625,-13.8083,-31.7313,-1.23179,-217.954,-44.8637
61.65,-13.801,-31.7492,-1.23218,-218.196,-44.8676
61.675,-13.7937,-31.7673,-1.23256,-218.439,-44.8714
61.7,-13.7864,-31.7857,-1.23293,-218.681,-44.8751
61.725,-13.7791,-31.8044,-1.23331,-218.924,-44.8788
61.75,-13.7717,-31.8233,-1.23368,-219.166,-44.8825
61.775,-13.7644,-31.8425,-1.23404,-219.409,-44.8861
61.8,-13.757,-31.8619,-1.23441,-219.651,-44.8897
61.825,-13.7497,-31.8815,-1.23477,-219.894,-44.8933
61.85,-13.7423,-31.9014,-1.23512,-220.136,-44.8968
61.875,-13.7349,-31.9216,-1.23547,-220.379,-44.9003
61.9,-13.7275,-31.9419,-1.23582,-220.621,-44.9037
61.925,-13.7202,-31.9626,-1.23617,-220.864,-44.9072
61.95,-13.7128,-31.9835,-1.23651,-221.106,-44.9105
61.975,-13.7054,-32.0046,-1.23684,-221.349,-44.9138
62,-13.698,-32.026,-1.23718,-221.591,-44.9171
62.025,-13.6906,-32.0476,-1.23751,-221.834,-44.9204
62.05,-13.6832,-32.0694,-1.23783,-222.076,-44.9236
62.075,-13.6758,-32.0915,-1.23815,-222.319,-44.9268
62.1,-13.6684,-32.1139,-1.23847,-222.561,-44.9299
62.125,-13.6609,-32.1365,-1.23879,-222.804,-44.933
62.15,-13.6535,-32.1593,-1.2391,-223.047,-44.9361
62.175,-13.6461,-32.1824,-1.23941,-223.289,-44.9391
62.2,-13.6387,-32.2057,-1.23971,-223.532,-44.9421
62.225,-13.6312,-32.2292,-1.24001,-223.774,-44.945
62.25,-13.6238,-32.253,-1.24031,-224.017,-44.9479
62.275,-13.6164,-32.277,-1.2406,-224.26,-44.9508
62.3,-13.6089,-32.3013,-1.24089,-224.502,-44.9536
62.325,-13.6015,-32.3258,-1.24117,-224.745,-44.9564
62.35,-13.5941,-32.3506,-1.24146,-224.988,-44.9592
62.375,-13.5866,-32.3756,-1.24173,-225.23,-44.9619
62.4,-13.5792,-32.4008,-1.24201,-225.473,-44.9646
62.425,-13.5717,-32.4263,-1.24228,-225.716,-44.9672
62.45,-13.5643,-32.452,-1.24255,-225.959,-44.9698
62.475,-13.5568,-32.4779,-1.24281,-226.201,-44.9724
62.5,-13.5494,-32.5041,-1.24307,-226.444,-44.9749
62.525,-13.5419,-32.5305,-1.24333,-226.687,-44.9774
62.55,-13.5345,-32.5571,-1.24358,-226.93,-44.9798
62.575,-13.5271,-32.584,-1.24383,-227.173,-44.9822
62.6,-13.5196,-32.6111,-1.24407,-227.416,-44.9846
62.625,-13.5122,-32.6385,-1.24431,-227.659,-44.9869
62.65,-13.5047,-32.666,-1.24455,-227.902,-44.9892
62.675,-13.4973,-32.6939,-1.24479,-228.144,-44.9915
62.7,-13.4898,-32.7219,-1.24502,-228.387,-44.9937
62.725,-13.4824,-32.7502,-1.24525,-228.63,-44.9959
62.75,-13.475,-32.7787,-1.24547,-228.873,-44.998
62.775,-13.4675,-32.8074,-1.24569,-229.116,-45.0001
62.8,-13.4601,-32.8364,-1.24591,-229.36,-45.0022
62.825,-13.4526,-32.8656,-1.24612,-229.603,-45.0042
62.85,-13.4452,-32.895,-1.24634,-229.846,-45.0062
62.875,-13.4378,-32.9247,-1.24654,-230.089,-45.0081
62.9,-13.4304,-32.9545,-1.24675,-230.332,-45.0101
62.925,-13.4229,-32.9846,-1.24695,-230.575,-45.0119
62.95,-13.4155,-33.015,-1.24715,-230.819,-45.0138
62.975,-13.4081,-33.0455,-1.24734,-231.062,-45.0155
63,-13.4007,-33.0763,-1.24753,-231.305,-45.0173
63.025,-13.3933,-33.1073,-1.24772,-231.548,-45.019
63.05,-13.3859,-33.1386,-1.24791,-231.792,-45.0207
63.075,-13.3784,-33.17,-1.24809,-232.035,-45.0223
63.1,-13.371,-33.2017,-1.24827,-232.278,-45.024
63.125,-13.3636,-33.2336,-1.24844,-232.522,-45.0255
63.15,-13.3563,-33.2657,-1.24862,-232.765,-45.027
63.175,-13.3489,-33.2981,-1.24879,-233.009,-45.0285
63.2,-13.3415,-33.3306,-1.24895,-233.252,-45.03
63.225,-13.3341,-33.3634,-1.24912,-233.496,-45.0314
63.25,-13.3267,-33.3964,-1.24928,-233.74,-45.0328
63.275,-13.3194,-33.4296,-1.24944,-233.983,-45.0341
63.3,-13.312,-33.4631,-1.24959,-234.227,-45.0354
63.325,-13.3046,-33.4968,-1.24975,-234.471,-45.0367
63.35,-13.2973,-33.5306,-1.2499,-234.714,-45.0379
63.375,-13.29,-33.5647,-1.25004,-234.958,-45.0391
63.4,-13.2826,-33.599,-1.25019,-235.202,-45.0402
63.425,-13.2753,-33.6336,-1.25033,-235.446,-45.0413
63.45,-13.268,-33.6683,-1.25047,-235.69,-45.0424
63.475,-13.2606,-33.7033,-1.25061,-235.933,-45.0434
63.5,-13.2533,-33.7384,-1.25074,-236.177,-45.0444
63.525,-13.246,-33.7738,-1.25088,-236.421,-45.0454
63.55,-13.2387,-33.8094,-1.25101,-236.665,-45.0463
63.575,-13.2314,-33.8452,-1.25114,-236.909,-45.0472
63.6,-13.2241,-33.8812,-1.25126,-237.154,-45.048
63.625,-13.2169,-33.9174,-1.25139,-237.398,-45.0489
63.65,-13.2096,-33.9539,-1.25151,-237.642,-45.0496
63.675,-13.2023,-33.9905,-1.25163,-237.886,-45.0504
63.7,-13.1951,-34.0273,-1.25174,-238.13,-45.051
63.725,-13.1878,-34.0644,-1.25186,-238.375,-45.0517
63.75,-13.1806,-34.1017,-1.25197,-238.619,-45.0523
63.775,-13.1734,-34.1391,-1.25209,-238.863,-45.0529
63.8,-13.1661,-34.1768,-1.2522,-239.108,-45.0534
63.825,-13.1589,-34.2147,-1.25231,-239.352,-45.0539
63.85,-13.1517,-34.2528,-1.25241,-239.597,-45.0544
63.875,-13.1445,-34.2911,-1.25252,-239.841,-45.0548
63.9,-13.1374,-34.3295,-1.25262,-240.086,-45.0552
63.925,-13.1302,-34.3682,-1.25272,-240.331,-45.0556
63.95,-13.123,-34.4071,-1.25282,-240.575,-45.0559
63.975,-13.1159,-34.4462,-1.25292,-240.82,-45.0562
64,-13.1087,-34.4855,-1.25302,-241.065,-45.0564
64.025,-13.1016,-34.525,-1.25312,-241.31,-45.0566
64.05,-13.0945,-34.5647,-1.25322,-241.555,-45.0568
64.075,-13.0873,-34.6046,-1.25331,-241.8,-45.0569
64.1,-13.0802,-34.6447,-1.2534,-242.045,-45.057
64.125,-13.0732,-34.6849,-1.2535,-242.29,-45.0571
64.15,-13.0661,-34.7254,-1.25359,-242.535,-45.0571
64.175,-13.059,-34.7661,-1.25368,-242.78,-45.0571
64.2,-13.0519,-34.807,-1.25377,-243.025,-45.057
64.225,-13.0449,-34.848,-1.25386,-243.27,-45.0569
64.25,-13.0379,-34.8893,-1.25395,-243.515,-45.0568
64.275,-13.0308,-34.9307,-1.25404,-243.761,-45.0566
64.3,-13.0238,-34.9723,-1.25413,-244.006,-45.0564
64.325,-13.0168,-35.0142,-1.25422,-244.252,-45.0562
64.35,-13.0098,-35.0562,-1.2543,-244.497,-45.0559
64.375,-13.0029,-35.0984,-1.25439,-244.743,-45.0556
64.4,-12.9959,-35.1408,-1.25448,-244.988,-45.0552
64.425,-12.9889,-35.1833,-1.25457,-245.234,-45.0548
64.45,-12.982,-35.2261,-1.25465,-245.479,-45.0544
64.475,-12.9751,-35.269,-1.25474,-245.725,-45.0539
64.5,-12.9682,-35.3122,-1.25483,-245.971,-45.0534
64.525,-12.9613,-35.3555,-1.25492,-246.217,-45.0529
64.55,-12.9544,-35.399,-1.25501,-246.463,-45.0523
64.575,-12.9475,-35.4427,-1.2551,-246.709,-45.0517
64.6,-12.9406,-35.4865,-1.25519,-246.955,-45.0511
64.625,-12.9338,-35.5306,-1.25528,-247.201,-45.0504
64.65,-12.927,-35.5748,-1.25537,-247.447,-45.0497
64.675,-12.9201,-35.6192,-1.25546,-247.693,-45.0489
64.7,-12.9133,-35.6638,-1.25555,-247.939,-45.0481
64.725,-12.9066,-35.7085,-1.25565,-248.185,-45.0473
64.75,-12.8998,-35.7535,-1.25574,-248.432,-45.0464
64.775,-12.893,-35.7986,-1.25584,-248.678,-45.0455
64.8,-12.8863,-35.8439,-1.25594,-248.924,-45.0445
64.825,-12.8795,-35.8893,-1.25603,-249.171,-45.0436
64.85,-12.8728,-35.935,-1.25614,-249.417,-45.0426
64.875,-12.8661,-35.9808,-1.25624,-249.664,-45.0415
64.9,-12.8594,-36.0267,-1.25634,-249.911,-45.0404
64.925,-12.8528,-36.0729,-1.25645,-250.157,-45.0393
64.95,-12.8461,-36.1192,-1.25655,-250.404,-45.0381
64.975,-12.8395,-36.1657,-1.25666,-250.651,-45.0369
65,-12.8329,-36.2123,-1.25677,-250.898,-45.0357
65.025,-12.8263,-36.2592,-1.25689,-251.145,-45.0344
65.05,-12.8197,-36.3062,-1.257,-251.392,-45.0331
65.075,-12.8131,-36.3533,-1.25712,-251.639,-45.0318
65.1,-12.8065,-36.4006,-1.25724,-251.886,-45.0304
65.125,-12.8,-36.4481,-1.25737,-252.133,-45.029
65.15,-12.7935,-36.4957,-1.25749,-252.38,-45.0275
65.175,-12.787,-36.5435,-1.25762,-252.627,-45.026
65.2,-12.7805,-36.5915,-1.25776,-252.875,-45.0245
65.225,-12.774,-36.6396,-1.25789,-253.122,-45.023
65.25,-12.7675,-36.6879,-1.25803,-253.37,-45.0214
65.275,-12.7611,-36.7363,-1.25817,-253.617,-45.0197
65.3,-12.7547,-36.7849,-1.25831,-253.865,-45.0181
65.325,-12.7483,-36.8337,-1.25846,-254.112,-45.0164
65.35,-12.7419,-36.8826,-1.25861,-254.36,-45.0146
65.375,-12.7355,-36.9317,-1.25877,-254.608,-45.0128
65.4,-12.7292,-36.9809,-1.25893,-254.856,-45.011
65.425,-12.7228,-37.0302,-1.25909,-255.103,-45.0092
65.45,-12.7165,-37.0798,-1.25926,-255.351,-45.0073
65.475,-12.7102,-37.1294,-1.25943,-255.599,-45.0054
65.5,-12.704,-37.1792,-1.25961,-255.847,-45.0034
65.525,-12.6977,-37.2292,-1.25979,-256.095,-45.0014
65.55,-12.6915,-37.2793,-1.25997,-256.344,-44.9994
65.575,-12.6853,-37.3296,-1.26016,-256.592,-44.9974
65.6,-12.6791,-37.38,-1.26036,-256.84,-44.9953
65.625,-12.6729,-37.4305,-1.26056,-257.088,-44.9931
65.65,-12.6667,-37.4812,-1.26076,-257.337,-44.991
65.675,-12.6606,-37.532,-1.26097,-257.585,-44.9888
65.7,-12.6544,-37.583,-1.26119,-257.834,-44.9865
65.725,-12.6483,-37.6341,-1.26141,-258.082,-44.9843
65.75,-12.6423,-37.6853,-1.26163,-258.331,-44.9819
65.775,-12.6362,-37.7367,-1.26186,-258.579,-44.9796
65.8,-12.6302,-37.7882,-1.2621,-258.828,-44.9772
65.825,-12.6241,-37.8399,-1.26234,-259.077,-44.9748
65.85,-12.6181,-37.8917,-1.26259,-259.326,-44.9724
65.875,-12.6122,-37.9436,-1.26285,-259.575,-44.9699
65.9,-12.6062,-37.9956,-1.26311,-259.824,-44.9674
65.925,-12.6003,-38.0478,-1.26337,-260.073,-44.9648
65.95,-12.5943,-38.1001,-1.26365,-260.322,-44.9622
65.975,-12.5884,-38.1526,-1.26393,-260.571,-44.9596
66,-12.5826,-38.2051,-1.26422,-260.82,-44.957
66.025,-12.5767,-38.2578,-1.26451,-261.069,-44.9543
66.05,-12.5709,-38.3106,-1.26481,-261.319,-44.9515
66.075,-12.5651,-38.3636,-1.26512,-261.568,-44.9488
66.1,-12.5593,-38.4166,-1.26544,-261.817,-44.946
66.125,-12.5535,-38.4698,-1.26576,-262.067,-44.9432
66.15,-12.5478,-38.5231,-1.26609,-262.316,-44.9403
66.175,-12.542,-38.5765,-1.26643,-262.566,-44.9374
66.2,-12.5363,-38.6301,-1.26678,-262.815,-44.9345
66.225,-12.5307,-38.6837,-1.26713,-263.065,-44.9315
66.25,-12.525,-38.7375,-1.2675,-263.315,-44.9285
66.275,-12.5194,-38.7913,-1.26787,-263.565,-44.9255
66.3,-12.5138,-38.8453,-1.26825,-263.814,-44.9224
66.325,-12.5082,-38.8994,-1.26864,-264.064,-44.9193
66.35,-12.5026,-38.9536,-1.26903,-264.314,-44.9161
66.375,-12.4971,-39.008,-1.26944,-264.564,-44.913
66.4,-12.4915,-39.0624,-1.26985,-264.814,-44.9098
66.425,-12.486,-39.1169,-1.27028,-265.064,-44.9065
66.45,-12.4806,-39.1715,-1.27071,-265.314,-44.9032
66.475,-12.4751,-39.2263,-1.27115,-265.565,-44.8999
66.5,-12.4697,-39.2811,-1.2716,-265.815,-44.8966
66.525,-12.4643,-39.336,-1.27206,-266.065,-44.8932
66.55,-12.4589,-39.3911,-1.27253,-266.315,-44.8898
66.575,-12.4536,-39.4462,-1.27302,-266.566,-44.8864
66.6,-12.4482,-39.5014,-1.27351,-266.816,-44.8829
66.625,-12.4429,-39.5567,-1.27401,-267.067,-44.8794
66.65,-12.4376,-39.6121,-1.27452,-267.317,-44.8758
66.675,-12.4324,-39.6676,-1.27504,-267.568,-44.8723
66.7,-12.4271,-39.7232,-1.27557,-267.818,-44.8686
66.725,-12.4219,-39.7789,-1.27612,-268.069,-44.865
66.75,-12.4168,-39.8347,-1.27667,-268.32,-44.8613
66.775,-12.4116,-39.8905,-1.27724,-268.57,-44.8576
66.8,-12.4065,-39.9465,-1.27781,-268.821,-44.8539
66.825,-12.4014,-40.0025,-1.2784,-269.072,-44.8501
66.85,-12.3963,-40.0586,-1.279,-269.323,-44.8463
66.875,-12.3912,-40.1147,-1.27961,-269.574,-44.8424
66.9,-12.3862,-40.171,-1.28023,-269.824,-44.8386
66.925,-12.3812,-40.2273,-1.28087,-270.075,-44.8347
66.95,-12.3762,-40.2837,-1.28151,-270.326,-44.8307
66.975,-12.3712,-40.3402,-1.28217,-270.577,-44.8267
67,-12.3663,-40.3967,-1.28284,-270.828,-44.8227
67.025,-12.3614,-40.4533,-1.28353,-271.08,-44.8187
67.05,-12.3565,-40.51,-1.28422,-271.331,-44.8146
67.075,-12.3516,-40.5667,-1.28493,-271.582,-44.8105
67.1,-12.3468,-40.6235,-1.28565,-271.833,-44.8064
67.125,-12.342,-40.6804,-1.28638,-272.084,-44.8022
67.15,-12.3372,-40.7373,-1.28713,-272.335,-44.798
67.175,-12.3325,-40.7943,-1.28789,-272.587,-44.7937
67.2,-12.3278,-40.8514,-1.28866,-272.838,-44.7895
67.225,-12.3231,-40.9085,-1.28945,-273.089,-44.7852
67.25,-12.3184,-40.9656,-1.29025,-273.341,-44.7808
67.275,-12.3137,-41.0228,-1.29107,-273.592,-44.7765
67.3,-12.3091,-41.0801,-1.29189,-273.843,-44.7721
67.325,-12.3045,-41.1374,-1.29273,-274.095,-44.7676
67.35,-12.3,-41.1947,-1.29359,-274.346,-44.7632
67.375,-12.2954,-41.2521,-1.29446,-274.598,-44.7587
67.4,-12.2909,-41.3096,-1.29535,-274.849,-44.7541
67.425,-12.2864,-41.367,-1.29624,-275.101,-44.7496
67.45,-12.282,-41.4245,-1.29716,-275.352,-44.745
67.475,-12.2775,-41.4821,-1.29809,-275.604,-44.7404
67.5,-12.2731,-41.5397,-1.29903,-275.855,-44.7357
67.525,-12.2687,-41.5973,-1.29999,-276.107,-44.731
67.55,-12.2644,-41.6549,-1.30096,-276.358,-44.7263
67.575,-12.2601,-41.7126,-1.30195,-276.61,-44.7215
67.6,-12.2558,-41.7703,-1.30295,-276.861,-44.7168
67.625,-12.2515,-41.828,-1.30397,-277.113,-44.7119
67.65,-12.2472,-41.8858,-1.305,-277.364,-44.7071
67.675,-12.243,-41.9435,-1.30605,-277.616,-44.7022
67.7,-12.2388,-42.0013,-1.30711,-277.867,-44.6973
67.725,-12.2347,-42.0591,-1.3082,-278.119,-44.6924
67.75,-12.2306,-42.117,-1.30929,-278.371,-44.6874
67.775,-12.2264,-42.1748,-1.3104,-278.622,-44.6824
67.8,-12.2224,-42.2326,-1.31153,-278.874,-44.6773
67.825,-12.2183,-42.2905,-1.31268,-279.125,-44.6723
67.85,-12.2143,-42.3483,-1.31384,-279.377,-44.6672
67.875,-12.2103,-42.4062,-1.31501,-279.628,-44.662
67.9,-12.2063,-42.464,-1.31621,-279.88,-44.6569
67.925,-12.2024,-42.5219,-1.31742,-280.131,-44.6517
67.95,-12.1985,-42.5798,-1.31864,-280.383,-44.6465
67.975,-12.1946,-42.6376,-1.31989,-280.634,-44.6412
68,-12.1907,-42.6955,-1.32115,-280.886,-44.6359
68.025,-12.1869,-42.7533,-1.32242,-281.137,-44.6306
68.05,-12.1831,-42.8111,-1.32372,-281.388,-44.6253
68.075,-12.1793,-42.8689,-1.32503,-281.64,-44.6199
68.1,-12.1756,-42.9267,-1.32635,-281.891,-44.6145
68.125,-12.1718,-42.9845,-1.3277,-282.143,-44.609
68.15,-12.1681,-43.0422,-1.32906,-282.394,-44.6036
68.175,-12.1645,-43.1,-1.33044,-282.645,-44.598
68.2,-12.1608,-43.1577,-1.33183,-282.896,-44.5925
68.225,-12.1572,-43.2153,-1.33324,-283.147,-44.5869
68.25,-12.1536,-43.273,-1.33467,-283.399,-44.5814
68.275,-12.1501,-43.3306,-1.33612,-283.65,-44.5757
68.3,-12.1465,-43.3882,-1.33758,-283.901,-44.5701
68.325,-12.143,-43.4457,-1.33906,-284.152,-44.5644
68.35,-12.1396,-43.5032,-1.34056,-284.403,-44.5587
68.375,-12.1361,-43.5606,-1.34208,-284.654,-44.5529
68.4,-12.1327,-43.618,-1.34361,-284.904,-44.5471
68.425,-12.1293,-43.6754,-1.34516,-285.155,-44.5413
68.45,-12.1259,-43.7327,-1.34673,-285.406,-44.5355
68.475,-12.1226,-43.79,-1.34831,-285.657,-44.5296
68.5,-12.1193,-43.8472,-1.34991,-285.907,-44.5237
68.525,-12.116,-43.9043,-1.35153,-286.158,-44.5178
68.55,-12.1127,-43.9614,-1.35317,-286.408,-44.5118
68.575,-12.1095,-44.0184,-1.35482,-286.659,-44.5058
68.6,-12.1063,-44.0754,-1.35649,-286.909,-44.4998
68.625,-12.1031,-44.1322,-1.35818,-287.159,-44.4938
68.65,-12.0999,-44.1891,-1.35989,-287.409,-44.4877
68.675,-12.0968,-44.2458,-1.36161,-287.66,-44.4816
68.7,-12.0937,-44.3025,-1.36335,-287.91,-44.4754
68.725,-12.0906,-44.359,-1.3651,-288.159,-44.4692
68.75,-12.0875,-44.4155,-1.36688,-288.409,-44.463
68.775,-12.0845,-44.472,-1.36866,-288.659,-44.4568
68.8,-12.0815,-44.5283,-1.37047,-288.909,-44.4505
68.825,-12.0785,-44.5845,-1.37229,-289.158,-44.4442
68.85,-12.0756,-44.6407,-1.37413,-289.408,-44.4379
68.875,-12.0726,-44.6967,-1.37599,-289.657,-44.4316
68.9,-12.0697,-44.7527,-1.37786,-289.906,-44.4252
68.925,-12.0668,-44.8086,-1.37975,-290.156,-44.4188
68.95,-12.064,-44.8643,-1.38165,-290.405,-44.4123
68.975,-12.0611,-44.92,-1.38357,-290.654,-44.4058
69,-12.0583,-44.9755,-1.38551,-290.902,-44.3993
69.025,-12.0555,-45.0309,-1.38746,-291.151,-44.3928
69.05,-12.0528,-45.0862,-1.38942,-291.4,-44.3862
69.075,-12.05,-45.1414,-1.3914,-291.648,-44.3796
69.1,-12.0473,-45.1965,-1.3934,-291.896,-44.373
69.125,-12.0446,-45.2515,-1.39541,-292.145,-44.3663
69.15,-12.0419,-45.3063,-1.39744,-292.393,-44.3597
69.175,-12.0393,-45.361,-1.39948,-292.641,-44.3529
69.2,-12.0367,-45.4156,-1.40153,-292.888,-44.3462
69.225,-12.034,-45.47,-1.4036,-293.136,-44.3394
69.25,-12.0315,-45.5243,-1.40568,-293.383,-44.3326
69.275,-12.0289,-45.5785,-1.40778,-293.631,-44.3258
69.3,-12.0263,-45.6325,-1.40988,-293.878,-44.3189
69.325,-12.0238,-45.6864,-1.41201,-294.125,-44.312
69.35,-12.0213,-45.7401,-1.41414,-294.372,-44.3051
69.375,-12.0188,-45.7937,-1.41629,-294.619,-44.2981
69.4,-12.0164,-45.8472,-1.41844,-294.865,-44.2911
69.425,-12.0139,-45.9004,-1.42061,-295.112,-44.2841
69.45,-12.0115,-45.9536,-1.4228,-295.358,-44.277
69.475,-12.0091,-46.0065,-1.42499,-295.604,-44.27
69.5,-12.0067,-46.0593,-1.42719,-295.85,-44.2628
69.525,-12.0043,-46.1119,-1.4294,-296.095,-44.2557
69.55,-12.0019,-46.1644,-1.43163,-296.341,-44.2485
69.575,-11.9996,-46.2167,-1.43386,-296.586,-44.2413
69.6,-11.9973,-46.2688,-1.4361,-296.831,-44.2341
69.625,-11.995,-46.3207,-1.43835,-297.076,-44.2268
69.65,-11.9927,-46.3725,-1.44061,-297.321,-44.2195
69.675,-11.9904,-46.4241,-1.44288,-297.565,-44.2122
69.7,-11.9881,-46.4755,-1.44515,-297.81,-44.2048
69.725,-11.9859,-46.5267,-1.44743,-298.054,-44.1974
69.75,-11.9837,-46.5777,-1.44972,-298.298,-44.19
69.775,-11.9814,-46.6285,-1.45201,-298.541,-44.1825
69.8,-11.9792,-46.6791,-1.45431,-298.785,-44.1751
69.825,-11.977,-46.7296,-1.45661,-299.028,-44.1675
69.85,-11.9748,-46.7798,-1.45892,-299.271,-44.16
69.875,-11.9727,-46.8298,-1.46123,-299.514,-44.1524
69.9,-11.9705,-46.8797,-1.46354,-299.756,-44.1448
69.925,-11.9684,-46.9293,-1.46586,-299.998,-44.1372
69.95,-11.9662,-46.9787,-1.46818,-300.241,-44.1295
69.975,-11.9641,-47.0279,-1.4705,-300.482,-44.1218
70,-11.962,-47.0769,-1.47282,-300.724,-44.114
