# f_ghz,s_TX1.Pb_db,s_TX1.Pb_deg,s_TX1.Pf_db,s_TX1.Pf_deg,pa_coupling_db
54,-18.1184,-7.3989,-1.16544,-157.366,-28.2716
54.025,-18.1065,-7.273,-1.16373,-157.625,-28.2964
54.05,-18.0943,-7.14829,-1.16204,-157.884,-28.3212
54.075,-18.0819,-7.02479,-1.16037,-158.143,-28.346
54.1,-18.0693,-6.90254,-1.15872,-158.402,-28.3708
54.125,-18.0563,-6.78156,-1.1571,-158.661,-28.3957
54.15,-18.0432,-6.66186,-1.1555,-158.92,-28.4205
54.175,-18.0297,-6.54347,-1.15392,-159.18,-28.4454
54.2,-18.0161,-6.42641,-1.15236,-159.439,-28.4702
54.225,-18.0022,-6.3107,-1.15082,-159.699,-28.4951
54.25,-17.9881,-6.19636,-1.14931,-159.959,-28.52
54.275,-17.9737,-6.0834,-1.14782,-160.218,-28.5449
54.3,-17.9592,-5.97186,-1.14635,-160.478,-28.5697
54.325,-17.9444,-5.86173,-1.1449,-160.738,-28.5946
54.35,-17.9294,-5.75305,-1.14348,-160.998,-28.6195
54.375,-17.9142,-5.64582,-1.14207,-161.258,-28.6444
54.4,-17.8988,-5.54005,-1.14069,-161.518,-28.6693
54.425,-17.8832,-5.43577,-1.13934,-161.778,-28.6942
54.45,-17.8674,-5.33298,-1.138,-162.039,-28.719
54.475,-17.8514,-5.2317,-1.13669,-162.299,-28.7439
54.5,-17.8352,-5.13194,-1.13539,-162.559,-28.7688
54.525,-17.8189,-5.0337,-1.13413,-162.82,-28.7937
54.55,-17.8024,-4.937,-1.13288,-163.08,-28.8185
54.575,-17.7857,-4.84185,-1.13165,-163.341,-28.8434
54.6,-17.7688,-4.74825,-1.13045,-163.601,-28.8682
54.625,-17.7518,-4.65622,-1.12927,-163.862,-28.8931
54.65,-17.7347,-4.56575,-1.12812,-164.123,-28.9179
54.675,-17.7173,-4.47686,-1.12698,-164.383,-28.9427
54.7,-17.6999,-4.38955,-1.12587,-164.644,-28.9675
54.725,-17.6823,-4.30383,-1.12478,-164.905,-28.9923
54.75,-17.6645,-4.2197,-1.12371,-165.166,-29.0171
54.775,-17.6467,-4.13716,-1.12266,-165.427,-29.0419
54.8,-17.6286,-4.05621,-1.12164,-165.688,-29.0666
54.825,-17.6105,-3.97687,-1.12063,-165.949,-29.0914
54.85,-17.5923,-3.89913,-1.11965,-166.21,-29.1161
54.875,-17.5739,-3.82299,-1.11869,-166.471,-29.1408
54.9,-17.5554,-3.74845,-1.11776,-166.732,-29.1655
54.925,-17.5369,-3.67551,-1.11684,-166.993,-29.1902
54.95,-17.5182,-3.60418,-1.11595,-167.254,-29.2149
54.975,-17.4994,-3.53445,-1.11508,-167.516,-29.2395
55,-17.4805,-3.46632,-1.11423,-167.777,-29.2641
55.025,-17.4615,-3.39979,-1.1134,-168.038,-29.2887
55.05,-17.4425,-3.33485,-1.11259,-168.299,-29.3133
55.075,-17.4234,-3.2715,-1.11181,-168.561,-29.3379
55.1,-17.4041,-3.20975,-1.11104,-168.822,-29.3624
55.125,-17.3849,-3.14958,-1.1103,-169.083,-29.3869
55.15,-17.3655,-3.09099,-1.10958,-169.345,-29.4114
55.175,-17.3461,-3.03398,-1.10888,-169.606,-29.4359
55.2,-17.3266,-2.97854,-1.1082,-169.868,-29.4604
55.225,-17.307,-2.92467,-1.10754,-170.129,-29.4848
55.25,-17.2874,-2.87236,-1.1069,-170.39,-29.5092
55.275,-17.2678,-2.8216,-1.10628,-170.652,-29.5335
55.3,-17.2481,-2.7724,-1.10569,-170.913,-29.5579
55.325,-17.2283,-2.72473,-1.10511,-171.175,-29.5822
55.35,-17.2085,-2.6786,-1.10456,-171.436,-29.6065
55.375,-17.1887,-2.63399,-1.10402,-171.698,-29.6308
55.4,-17.1688,-2.59091,-1.10351,-171.959,-29.655
55.425,-17.1489,-2.54934,-1.10301,-172.221,-29.6792
55.45,-17.129,-2.50927,-1.10254,-172.482,-29.7034
55.475,-17.109,-2.4707,-1.10209,-172.744,-29.7275
55.5,-17.089,-2.43361,-1.10165,-173.005,-29.7517
55.525,-17.069,-2.398,-1.10124,-173.267,-29.7757
55.55,-17.049,-2.36386,-1.10084,-173.528,-29.7998
55.575,-17.029,-2.33118,-1.10047,-173.789,-29.8238
55.6,-17.0089,-2.29995,-1.10011,-174.051,-29.8478
55.625,-16.9889,-2.27016,-1.09978,-174.312,-29.8718
55.65,-16.9688,-2.2418,-1.09946,-174.574,-29.8957
55.675,-16.9487,-2.21486,-1.09916,-174.835,-29.9196
55.7,-16.9287,-2.18933,-1.09888,-175.097,-29.9435
55.725,-16.9086,-2.1652,-1.09862,-175.358,-29.9673
55.75,-16.8886,-2.14246,-1.09838,-175.62,-29.9911
55.775,-16.8685,-2.12109,-1.09816,-175.881,-30.0148
55.8,-16.8485,-2.1011,-1.09796,-176.142,-30.0386
55.825,-16.8284,-2.08246,-1.09777,-176.404,-30.0623
55.85,-16.8084,-2.06516,-1.09761,-176.665,-30.0859
55.875,-16.7884,-2.04921,-1.09746,-176.926,-30.1095
55.9,-16.7684,-2.03457,-1.09733,-177.188,-30.1331
55.925,-16.7485,-2.02125,-1.09722,-177.449,-30.1567
55.95,-16.7285,-2.00922,-1.09712,-177.71,-30.1802
55.975,-16.7086,-1.99849,-1.09705,-177.972,-30.2037
56,-16.6887,-1.98903,-1.09699,-178.233,-30.2271
56.025,-16.6689,-1.98084,-1.09694,-178.494,-30.2505
56.05,-16.649,-1.97391,-1.09692,-178.755,-30.2739
56.075,-16.6293,-1.96821,-1.09691,-179.016,-30.2972
56.1,-16.6095,-1.96375,-1.09692,-179.278,-30.3205
56.125,-16.5898,-1.96051,-1.09695,-179.539,-30.3437
56.15,-16.5701,-1.95847,-1.097,-179.8,-30.3669
56.175,-16.5504,-1.95763,-1.09706,-180.061,-30.3901
56.2,-16.5308,-1.95798,-1.09713,-180.322,-30.4132
56.225,-16.5112,-1.9595,-1.09723,-180.583,-30.4363
56.25,-16.4917,-1.96217,-1.09734,-180.844,-30.4594
56.275,-16.4722,-1.966,-1.09746,-181.105,-30.4824
56.3,-16.4528,-1.97096,-1.09761,-181.366,-30.5054
56.325,-16.4334,-1.97705,-1.09777,-181.627,-30.5283
56.35,-16.4141,-1.98425,-1.09794,-181.888,-30.5512
56.375,-16.3948,-1.99255,-1.09813,-182.148,-30.5741
56.4,-16.3756,-2.00194,-1.09834,-182.409,-30.5969
56.425,-16.3564,-2.01241,-1.09856,-182.67,-30.6197
56.45,-16.3373,-2.02395,-1.09879,-182.931,-30.6424
56.475,-16.3182,-2.03653,-1.09904,-183.191,-30.6651
56.5,-16.2992,-2.05016,-1.09931,-183.452,-30.6877
56.525,-16.2803,-2.06483,-1.09959,-183.713,-30.7104
56.55,-16.2614,-2.08051,-1.09989,-183.973,-30.7329
56.575,-16.2426,-2.0972,-1.1002,-184.234,-30.7555
56.6,-16.2238,-2.11488,-1.10053,-184.494,-30.778
56.625,-16.2051,-2.13355,-1.10087,-184.755,-30.8004
56.65,-16.1865,-2.15319,-1.10122,-185.015,-30.8228
56.675,-16.1679,-2.17379,-1.10159,-185.275,-30.8452
56.7,-16.1494,-2.19535,-1.10197,-185.536,-30.8675
56.725,-16.1309,-2.21784,-1.10237,-185.796,-30.8898
56.75,-16.1126,-2.24126,-1.10277,-186.056,-30.9121
56.775,-16.0943,-2.2656,-1.1032,-186.317,-30.9343
56.8,-16.076,-2.29084,-1.10363,-186.577,-30.9564
56.825,-16.0579,-2.31698,-1.10408,-186.837,-30.9786
56.85,-16.0398,-2.344,-1.10455,-187.097,-31.0006
56.875,-16.0217,-2.37189,-1.10502,-187.357,-31.0227
56.9,-16.0038,-2.40064,-1.10551,-187.617,-31.0447
56.925,-15.9859,-2.43025,-1.10601,-187.877,-31.0666
56.95,-15.9681,-2.46069,-1.10653,-188.137,-31.0885
56.975,-15.9504,-2.49197,-1.10706,-188.397,-31.1104
57,-15.9327,-2.52406,-1.10759,-188.656,-31.1323
57.025,-15.9151,-2.55696,-1.10815,-188.916,-31.154
57.05,-15.8976,-2.59066,-1.10871,-189.176,-31.1758
57.075,-15.8802,-2.62514,-1.10929,-189.436,-31.1975
57.1,-15.8628,-2.6604,-1.10987,-189.695,-31.2192
57.125,-15.8455,-2.69643,-1.11047,-189.955,-31.2408
57.15,-15.8283,-2.73322,-1.11108,-190.214,-31.2624
57.175,-15.8112,-2.77075,-1.11171,-190.474,-31.2839
57.2,-15.7942,-2.80901,-1.11234,-190.733,-31.3054
57.225,-15.7772,-2.84801,-1.11298,-190.993,-31.3269
57.25,-15.7603,-2.88772,-1.11364,-191.252,-31.3483
57.275,-15.7435,-2.92814,-1.11431,-191.511,-31.3697
57.3,-15.7268,-2.96925,-1.11498,-191.77,-31.3911
57.325,-15.7101,-3.01105,-1.11567,-192.029,-31.4124
57.35,-15.6935,-3.05353,-1.11637,-192.289,-31.4336
57.375,-15.6771,-3.09668,-1.11708,-192.548,-31.4548
57.4,-15.6606,-3.14049,-1.1178,-192.807,-31.476
57.425,-15.6443,-3.18495,-1.11853,-193.066,-31.4972
57.45,-15.6281,-3.23005,-1.11927,-193.325,-31.5183
57.475,-15.6119,-3.27577,-1.12002,-193.583,-31.5393
57.5,-15.5958,-3.32213,-1.12078,-193.842,-31.5603
57.525,-15.5798,-3.36909,-1.12155,-194.101,-31.5813
57.55,-15.5639,-3.41666,-1.12233,-194.36,-31.6023
57.575,-15.5481,-3.46482,-1.12312,-194.618,-31.6232
57.6,-15.5323,-3.51358,-1.12391,-194.877,-31.644
57.625,-15.5166,-3.56291,-1.12472,-195.135,-31.6649
57.65,-15.5011,-3.61281,-1.12554,-195.394,-31.6856
57.675,-15.4855,-3.66327,-1.12636,-195.652,-31.7064
57.7,-15.4701,-3.71428,-1.1272,-195.911,-31.7271
57.725,-15.4548,-3.76584,-1.12804,-196.169,-31.7478
57.75,-15.4395,-3.81793,-1.12889,-196.427,-31.7684
57.775,-15.4243,-3.87055,-1.12975,-196.686,-31.789
57.8,-15.4093,-3.92369,-1.13062,-196.944,-31.8095
57.825,-15.3942,-3.97734,-1.13149,-197.202,-31.83
57.85,-15.3793,-4.0315,-1.13238,-197.46,-31.8505
57.875,-15.3645,-4.08615,-1.13327,-197.718,-31.871
57.9,-15.3497,-4.14129,-1.13417,-197.976,-31.8914
57.925,-15.335,-4.19691,-1.13508,-198.234,-31.9117
57.95,-15.3204,-4.253,-1.13599,-198.491,-31.932
57.975,-15.3059,-4.30956,-1.13691,-198.749,-31.9523
58,-15.2915,-4.36657,-1.13784,-199.007,-31.9726
58.025,-15.2772,-4.42404,-1.13878,-199.265,-31.9928
58.05,-15.2629,-4.48194,-1.13973,-199.522,-32.013
58.075,-15.2487,-4.54029,-1.14068,-199.78,-32.0331
58.1,-15.2346,-4.59906,-1.14164,-200.037,-32.0532
58.125,-15.2206,-4.65825,-1.1426,-200.295,-32.0733
58.15,-15.2067,-4.71785,-1.14357,-200.552,-32.0933
58.175,-15.1928,-4.77787,-1.14455,-200.81,-32.1133
58.2,-15.179,-4.83828,-1.14554,-201.067,-32.1333
58.225,-15.1654,-4.89908,-1.14653,-201.324,-32.1532
58.25,-15.1517,-4.96028,-1.14753,-201.581,-32.1731
58.275,-15.1382,-5.02185,-1.14853,-201.838,-32.193
58.3,-15.1248,-5.08379,-1.14954,-202.095,-32.2128
58.325,-15.1114,-5.1461,-1.15056,-202.352,-32.2326
58.35,-15.0981,-5.20877,-1.15158,-202.609,-32.2523
58.375,-15.0849,-5.2718,-1.15261,-202.866,-32.272
58.4,-15.0718,-5.33517,-1.15365,-203.123,-32.2917
58.425,-15.0588,-5.39888,-1.15468,-203.38,-32.3114
58.45,-15.0458,-5.46292,-1.15573,-203.637,-32.331
58.475,-15.033,-5.5273,-1.15678,-203.893,-32.3506
58.5,-15.0202,-5.59199,-1.15783,-204.15,-32.3701
58.525,-15.0074,-5.65701,-1.1589,-204.407,-32.3897
58.55,-14.9948,-5.72233,-1.15996,-204.663,-32.4091
58.575,-14.9822,-5.78795,-1.16103,-204.92,-32.4286
58.6,-14.9698,-5.85388,-1.16211,-205.176,-32.448
58.625,-14.9574,-5.9201,-1.16319,-205.432,-32.4674
58.65,-14.945,-5.9866,-1.16427,-205.689,-32.4868
58.675,-14.9328,-6.05339,-1.16536,-205.945,-32.5061
58.7,-14.9206,-6.12045,-1.16645,-206.201,-32.5254
58.725,-14.9086,-6.18778,-1.16755,-206.457,-32.5446
58.75,-14.8966,-6.25537,-1.16866,-206.714,-32.5639
58.775,-14.8846,-6.32322,-1.16976,-206.97,-32.5831
58.8,-14.8728,-6.39133,-1.17087,-207.226,-32.6022
58.825,-14.861,-6.45969,-1.17199,-207.482,-32.6214
58.85,-14.8493,-6.52829,-1.17311,-207.737,-32.6405
58.875,-14.8377,-6.59712,-1.17423,-207.993,-32.6595
58.9,-14.8261,-6.66619,-1.17535,-208.249,-32.6786
58.925,-14.8147,-6.73549,-1.17648,-208.505,-32.6976
58.95,-14.8033,-6.805,-1.17762,-208.761,-32.7166
58.975,-14.792,-6.87474,-1.17875,-209.016,-32.7355
59,-14.7807,-6.94469,-1.17989,-209.272,-32.7545
59.025,-14.7696,-7.01484,-1.18104,-209.527,-32.7734
59.05,-14.7585,-7.0852,-1.18218,-209.783,-32.7922
59.075,-14.7474,-7.15576,-1.18333,-210.038,-32.8111
59.1,-14.7365,-7.22651,-1.18448,-210.294,-32.8299
59.125,-14.7256,-7.29745,-1.18564,-210.549,-32.8487
59.15,-14.7148,-7.36857,-1.1868,-210.804,-32.8674
59.175,-14.7041,-7.43987,-1.18796,-211.059,-32.8861
59.2,-14.6935,-7.51134,-1.18912,-211.315,-32.9048
59.225,-14.6829,-7.58299,-1.19029,-211.57,-32.9235
59.25,-14.6724,-7.6548,-1.19146,-211.825,-32.9422
59.275,-14.6619,-7.72678,-1.19263,-212.08,-32.9608
59.3,-14.6516,-7.79891,-1.1938,-212.335,-32.9794
59.325,-14.6413,-7.87119,-1.19498,-212.59,-32.9979
59.35,-14.6311,-7.94362,-1.19616,-212.845,-33.0164
59.375,-14.6209,-8.0162,-1.19734,-213.1,-33.035
59.4,-14.6109,-8.08891,-1.19852,-213.354,-33.0534
59.425,-14.6008,-8.16177,-1.1997,-213.609,-33.0719
59.45,-14.5909,-8.23475,-1.20089,-213.864,-33.0903
59.475,-14.581,-8.30786,-1.20207,-214.118,-33.1087
59.5,-14.5712,-8.3811,-1.20326,-214.373,-33.1271
59.525,-14.5615,-8.45446,-1.20446,-214.628,-33.1454
59.55,-14.5518,-8.52793,-1.20565,-214.882,-33.1638
59.575,-14.5423,-8.60151,-1.20684,-215.137,-33.1821
59.6,-14.5327,-8.67521,-1.20804,-215.391,-33.2003
59.625,-14.5233,-8.74901,-1.20923,-215.645,-33.2186
59.65,-14.5139,-8.82291,-1.21043,-215.9,-33.2368
59.675,-14.5046,-8.8969,-1.21163,-216.154,-33.255
59.7,-14.4953,-8.97099,-1.21283,-216.408,-33.2732
59.725,-14.4861,-9.04517,-1.21403,-216.663,-33.2913
59.75,-14.477,-9.11944,-1.21524,-216.917,-33.3094
59.775,-14.4679,-9.19379,-1.21644,-217.171,-33.3275
59.8,-14.4589,-9.26822,-1.21764,-217.425,-33.3456
59.825,-14.45,-9.34272,-1.21885,-217.679,-33.3637
59.85,-14.4411,-9.4173,-1.22005,-217.933,-33.3817
59.875,-14.4323,-9.49195,-1.22126,-218.187,-33.3997
59.9,-14.4236,-9.56666,-1.22247,-218.441,-33.4176
59.925,-14.4149,-9.64144,-1.22368,-218.695,-33.4356
59.95,-14.4063,-9.71627,-1.22488,-218.948,-33.4535
59.975,-14.3978,-9.79116,-1.22609,-219.202,-33.4714
60,-14.3893,-9.8661,-1.2273,-219.456,-33.4893
60.025,-14.3808,-9.9411,-1.22851,-219.71,-33.5072
60.05,-14.3725,-10.0161,-1.22972,-219.963,-33.525
60.075,-14.3642,-10.0912,-1.23093,-220.217,-33.5428
60.1,-14.3559,-10.1663,-1.23214,-220.47,-33.5606
60.125,-14.3478,-10.2415,-1.23335,-220.724,-33.5784
60.15,-14.3396,-10.3167,-1.23456,-220.978,-33.5961
60.175,-14.3316,-10.3919,-1.23577,-221.231,-33.6138
60.2,-14.3236,-10.4672,-1.23698,-221.484,-33.6315
60.225,-14.3156,-10.5425,-1.23819,-221.738,-33.6492
60.25,-14.3078,-10.6178,-1.2394,-221.991,-33.6668
60.275,-14.2999,-10.6931,-1.24061,-222.244,-33.6844
60.3,-14.2922,-10.7684,-1.24182,-222.498,-33.702
60.325,-14.2845,-10.8438,-1.24302,-222.751,-33.7196
60.35,-14.2768,-10.9191,-1.24423,-223.004,-33.7371
60.375,-14.2692,-10.9945,-1.24544,-223.257,-33.7547
60.4,-14.2617,-11.0699,-1.24665,-223.51,-33.7722
60.425,-14.2542,-11.1453,-1.24785,-223.764,-33.7897
60.45,-14.2468,-11.2207,-1.24906,-224.017,-33.8071
60.475,-14.2394,-11.2961,-1.25026,-224.27,-33.8245
60.5,-14.2321,-11.3714,-1.25147,-224.523,-33.842
60.525,-14.2248,-11.4468,-1.25267,-224.776,-33.8593
60.55,-14.2176,-11.5222,-1.25388,-225.029,-33.8767
60.575,-14.2105,-11.5975,-1.25508,-225.281,-33.894
60.6,-14.2034,-11.6729,-1.25628,-225.534,-33.9114
60.625,-14.1963,-11.7482,-1.25748,-225.787,-33.9286
60.65,-14.1894,-11.8235,-1.25868,-226.04,-33.9459
60.675,-14.1824,-11.8988,-1.25988,-226.293,-33.9632
60.7,-14.1755,-11.974,-1.26107,-226.545,-33.9804
60.725,-14.1687,-12.0492,-1.26227,-226.798,-33.9976
60.75,-14.1619,-12.1244,-1.26346,-227.051,-34.0147
60.775,-14.1552,-12.1996,-1.26466,-227.303,-34.0319
60.8,-14.1485,-12.2748,-1.26585,-227.556,-34.049
60.825,-14.1419,-12.3499,-1.26704,-227.809,-34.0661
60.85,-14.1353,-12.4249,-1.26823,-228.061,-34.0832
60.875,-14.1288,-12.5,-1.26942,-228.314,-34.1002
60.9,-14.1223,-12.5749,-1.2706,-228.566,-34.1172
60.925,-14.1159,-12.6499,-1.27179,-228.819,-34.1342
60.95,-14.1095,-12.7248,-1.27297,-229.071,-34.1512
60.975,-14.1032,-12.7996,-1.27416,-229.323,-34.1682
61,-14.0969,-12.8744,-1.27534,-229.576,-34.1851
61.025,-14.0906,-12.9492,-1.27652,-229.828,-34.202
61.05,-14.0845,-13.0239,-1.27769,-230.081,-34.2188
61.075,-14.0783,-13.0985,-1.27887,-230.333,-34.2357
61.1,-14.0722,-13.1731,-1.28004,-230.585,-34.2525
61.125,-14.0662,-13.2476,-1.28122,-230.837,-34.2693
61.15,-14.0602,-13.322,-1.28239,-231.09,-34.286
61.175,-14.0542,-13.3964,-1.28356,-231.342,-34.3028
61.2,-14.0483,-13.4708,-1.28472,-231.594,-34.3195
61.225,-14.0424,-13.545,-1.28589,-231.846,-34.3361
61.25,-14.0366,-13.6192,-1.28705,-232.098,-34.3528
61.275,-14.0308,-13.6933,-1.28821,-232.35,-34.3694
61.3,-14.0251,-13.7674,-1.28937,-232.603,-34.386
61.325,-14.0194,-13.8414,-1.29053,-232.855,-34.4026
61.35,-14.0137,-13.9152,-1.29169,-233.107,-34.4191
61.375,-14.0081,-13.9891,-1.29284,-233.359,-34.4356
61.4,-14.0026,-14.0628,-1.29399,-233.611,-34.4521
61.425,-13.9971,-14.1365,-1.29514,-233.863,-34.4685
61.45,-13.9916,-14.21,-1.29629,-234.115,-34.4849
61.475,-13.9861,-14.2835,-1.29743,-234.367,-34.5013
61.5,-13.9807,-14.3569,-1.29858,-234.619,-34.5177
61.525,-13.9754,-14.4303,-1.29972,-234.87,-34.534
61.55,-13.9701,-14.5035,-1.30086,-235.122,-34.5503
61.575,-13.9648,-14.5766,-1.30199,-235.374,-34.5665
61.6,-13.9595,-14.6497,-1.30313,-235.626,-34.5827
61.625,-13.9543,-14.7226,-1.30426,-235.878,-34.5989
61.65,-13.9492,-14.7955,-1.30539,-236.13,-34.6151
61.675,-13.944,-14.8683,-1.30652,-236.382,-34.6312
61.7,-13.939,-14.9409,-1.30764,-236.633,-34.6473
61.725,-13.9339,-15.0135,-1.30877,-236.885,-34.6633
61.75,-13.9289,-15.0859,-1.30989,-237.137,-34.6793
61.775,-13.9239,-15.1583,-1.31101,-237.389,-34.6953
61.8,-13.919,-15.2306,-1.31212,-237.64,-34.7112
61.825,-13.9141,-15.3027,-1.31324,-237.892,-34.7271
61.85,-13.9092,-15.3748,-1.31435,-238.144,-34.743
61.875,-13.9044,-15.4467,-1.31546,-238.395,-34.7588
61.9,-13.8996,-15.5185,-1.31656,-238.647,-34.7746
61.925,-13.8948,-15.5903,-1.31767,-238.899,-34.7903
61.95,-13.8901,-15.6619,-1.31877,-239.15,-34.806
61.975,-13.8854,-15.7334,-1.31987,-239.402,-34.8217
62,-13.8807,-15.8048,-1.32096,-239.654,-34.8373
62.025,-13.8761,-15.876,-1.32206,-239.905,-34.8529
62.05,-13.8715,-15.9472,-1.32315,-240.157,-34.8684
62.075,-13.8669,-16.0182,-1.32424,-240.409,-34.8839
62.1,-13.8624,-16.0892,-1.32533,-240.66,-34.8993
62.125,-13.8579,-16.16,-1.32641,-240.912,-34.9147
62.15,-13.8534,-16.2306,-1.32749,-241.163,-34.9301
62.175,-13.849,-16.3012,-1.32857,-241.415,-34.9454
62.2,-13.8446,-16.3716,-1.32965,-241.666,-34.9607
62.225,-13.8402,-16.442,-1.33072,-241.918,-34.9759
62.25,-13.8359,-16.5122,-1.33179,-242.169,-34.991
62.275,-13.8315,-16.5822,-1.33286,-242.421,-35.0062
62.3,-13.8273,-16.6522,-1.33393,-242.673,-35.0212
62.325,-13.823,-16.722,-1.33499,-242.924,-35.0362
62.35,-13.8188,-16.7917,-1.33605,-243.176,-35.0512
62.375,-13.8146,-16.8612,-1.33711,-243.427,-35.0661
62.4,-13.8104,-16.9306,-1.33817,-243.679,-35.081
62.425,-13.8062,-16.9999,-1.33922,-243.93,-35.0958
62.45,-13.8021,-17.0691,-1.34027,-244.182,-35.1105
62.475,-13.798,-17.1381,-1.34132,-244.433,-35.1252
62.5,-13.7939,-17.207,-1.34237,-244.685,-35.1398
62.525,-13.7899,-17.2758,-1.34341,-244.936,-35.1544
62.55,-13.7859,-17.3444,-1.34445,-245.187,-35.1689
62.575,-13.7819,-17.4129,-1.34549,-245.439,-35.1834
62.6,-13.7779,-17.4813,-1.34652,-245.69,-35.1978
62.625,-13.774,-17.5495,-1.34756,-245.942,-35.2121
62.65,-13.77,-17.6176,-1.34859,-246.193,-35.2264
62.675,-13.7661,-17.6855,-1.34962,-246.445,-35.2406
62.7,-13.7623,-17.7533,-1.35064,-246.696,-35.2548
62.725,-13.7584,-17.821,-1.35166,-246.948,-35.2688
62.75,-13.7546,-17.8885,-1.35268,-247.199,-35.2829
62.775,-13.7508,-17.9559,-1.3537,-247.451,-35.2968
62.8,-13.747,-18.0231,-1.35472,-247.702,-35.3107
62.825,-13.7432,-18.0902,-1.35573,-247.954,-35.3245
62.85,-13.7395,-18.1572,-1.35674,-248.205,-35.3382
62.875,-13.7357,-18.224,-1.35775,-248.457,-35.3519
62.9,-13.732,-18.2907,-1.35875,-248.708,-35.3655
62.925,-13.7283,-18.3572,-1.35975,-248.96,-35.379
62.95,-13.7247,-18.4236,-1.36075,-249.211,-35.3925
62.975,-13.721,-18.4898,-1.36175,-249.463,-35.4058
63,-13.7174,-18.5559,-1.36275,-249.714,-35.4191
63.025,-13.7138,-18.6219,-1.36374,-249.966,-35.4323
63.05,-13.7102,-18.6877,-1.36473,-250.217,-35.4455
63.075,-13.7066,-18.7533,-1.36572,-250.469,-35.4585
63.1,-13.7031,-18.8188,-1.3667,-250.72,-35.4715
63.125,-13.6995,-18.8842,-1.36769,-250.972,-35.4844
63.15,-13.696,-18.9494,-1.36867,-251.223,-35.4971
63.175,-13.6925,-19.0145,-1.36965,-251.475,-35.5099
63.2,-13.689,-19.0794,-1.37062,-251.726,-35.5225
63.225,-13.6855,-19.1441,-1.3716,-251.978,-35.535
63.25,-13.6821,-19.2088,-1.37257,-252.229,-35.5475
63.275,-13.6786,-19.2732,-1.37354,-252.481,-35.5598
63.3,-13.6752,-19.3375,-1.3745,-252.732,-35.5721
63.325,-13.6718,-19.4017,-1.37547,-252.984,-35.5842
63.35,-13.6684,-19.4657,-1.37643,-253.235,-35.5963
63.375,-13.665,-19.5296,-1.37739,-253.487,-35.6083
63.4,-13.6616,-19.5933,-1.37835,-253.739,-35.6202
63.425,-13.6582,-19.6569,-1.3793,-253.99,-35.6319
63.45,-13.6549,-19.7203,-1.38026,-254.242,-35.6436
63.475,-13.6515,-19.7836,-1.38121,-254.494,-35.6552
63.5,-13.6482,-19.8467,-1.38216,-254.745,-35.6667
63.525,-13.6449,-19.9096,-1.3831,-254.997,-35.678
63.55,-13.6416,-19.9725,-1.38405,-255.249,-35.6893
63.575,-13.6383,-20.0351,-1.38499,-255.5,-35.7004
63.6,-13.635,-20.0976,-1.38593,-255.752,-35.7115
63.625,-13.6317,-20.16,-1.38687,-256.004,-35.7224
63.65,-13.6284,-20.2222,-1.38781,-256.255,-35.7332
63.675,-13.6252,-20.2843,-1.38874,-256.507,-35.7439
63.7,-13.6219,-20.3462,-1.38968,-256.759,-35.7545
63.725,-13.6187,-20.408,-1.39061,-257.011,-35.765
63.75,-13.6154,-20.4696,-1.39154,-257.262,-35.7753
63.775,-13.6122,-20.531,-1.39246,-257.514,-35.7855
63.8,-13.609,-20.5923,-1.39339,-257.766,-35.7956
63.825,-13.6058,-20.6535,-1.39431,-258.018,-35.8056
63.85,-13.6025,-20.7145,-1.39523,-258.27,-35.8155
63.875,-13.5993,-20.7754,-1.39615,-258.521,-35.8252
63.9,-13.5961,-20.8361,-1.39707,-258.773,-35.8348
63.925,-13.5929,-20.8967,-1.39799,-259.025,-35.8443
63.95,-13.5898,-20.9571,-1.3989,-259.277,-35.8536
63.975,-13.5866,-21.0174,-1.39982,-259.529,-35.8628
64,-13.5834,-21.0775,-1.40073,-259.781,-35.8719
64.025,-13.5802,-21.1375,-1.40164,-260.033,-35.8809
64.05,-13.577,-21.1973,-1.40255,-260.285,-35.8897
64.075,-13.5739,-21.257,-1.40346,-260.537,-35.8983
64.1,-13.5707,-21.3165,-1.40436,-260.789,-35.9068
64.125,-13.5675,-21.3759,-1.40527,-261.041,-35.9152
64.15,-13.5644,-21.4352,-1.40617,-261.293,-35.9234
64.175,-13.5612,-21.4943,-1.40707,-261.545,-35.9315
64.2,-13.558,-21.5532,-1.40797,-261.797,-35.9395
64.225,-13.5549,-21.612,-1.40887,-262.049,-35.9473
64.25,-13.5517,-21.6707,-1.40977,-262.301,-35.9549
64.275,-13.5486,-21.7292,-1.41067,-262.553,-35.9624
64.3,-13.5454,-21.7876,-1.41156,-262.806,-35.9697
64.325,-13.5422,-21.8459,-1.41246,-263.058,-35.9769
64.35,-13.5391,-21.904,-1.41335,-263.31,-35.9839
64.375,-13.5359,-21.962,-1.41424,-263.562,-35.9908
64.4,-13.5328,-22.0198,-1.41513,-263.814,-35.9975
64.425,-13.5296,-22.0775,-1.41602,-264.067,-36.004
64.45,-13.5264,-22.135,-1.41691,-264.319,-36.0104
64.475,-13.5232,-22.1924,-1.4178,-264.571,-36.0166
64.5,-13.5201,-22.2497,-1.41869,-264.824,-36.0226
64.525,-13.5169,-22.3069,-1.41958,-265.076,-36.0285
64.55,-13.5137,-22.3639,-1.42046,-265.328,-36.0342
64.575,-13.5105,-22.4207,-1.42135,-265.581,-36.0397
64.6,-13.5073,-22.4775,-1.42223,-265.833,-36.0451
64.625,-13.5041,-22.5341,-1.42312,-266.086,-36.0503
64.65,-13.501,-22.5906,-1.424,-266.338,-36.0553
64.675,-13.4977,-22.6469,-1.42488,-266.591,-36.0601
64.7,-13.4945,-22.7031,-1.42576,-266.843,-36.0648
64.725,-13.4913,-22.7592,-1.42665,-267.096,-36.0692
64.75,-13.4881,-22.8152,-1.42753,-267.348,-36.0735
64.775,-13.4849,-22.871,-1.42841,-267.601,-36.0776
64.8,-13.4816,-22.9267,-1.42929,-267.854,-36.0815
64.825,-13.4784,-22.9823,-1.43017,-268.106,-36.0853
64.85,-13.4751,-23.0378,-1.43105,-268.359,-36.0888
64.875,-13.4719,-23.0931,-1.43193,-268.612,-36.0922
64.9,-13.4686,-23.1483,-1.43281,-268.864,-36.0953
64.925,-13.4654,-23.2034,-1.43369,-269.117,-36.0983
64.95,-13.4621,-23.2584,-1.43457,-269.37,-36.1011
64.975,-13.4588,-23.3133,-1.43545,-269.623,-36.1037
65,-13.4555,-23.368,-1.43633,-269.876,-36.106
65.025,-13.4522,-23.4226,-1.43721,-270.128,-36.1082
65.05,-13.4488,-23.4772,-1.43809,-270.381,-36.1102
65.075,-13.4455,-23.5316,-1.43897,-270.634,-36.112
65.1,-13.4422,-23.5859,-1.43985,-270.887,-36.1136
65.125,-13.4388,-23.64,-1.44073,-271.14,-36.115
65.15,-13.4354,-23.6941,-1.44161,-271.393,-36.1161
65.175,-13.4321,-23.7481,-1.44249,-271.646,-36.1171
65.2,-13.4287,-23.8019,-1.44338,-271.899,-36.1179
65.225,-13.4253,-23.8557,-1.44426,-272.152,-36.1184
65.25,-13.4219,-23.9093,-1.44514,-272.406,-36.1188
65.275,-13.4184,-23.9629,-1.44603,-272.659,-36.1189
65.3,-13.415,-24.0163,-1.44691,-272.912,-36.1189
65.325,-13.4115,-24.0697,-1.4478,-273.165,-36.1186
65.35,-13.4081,-24.1229,-1.44868,-273.418,-36.1181
65.375,-13.4046,-24.1761,-1.44957,-273.672,-36.1174
65.4,-13.4011,-24.2291,-1.45046,-273.925,-36.1165
65.425,-13.3976,-24.2821,-1.45135,-274.178,-36.1153
65.45,-13.3941,-24.335,-1.45224,-274.432,-36.114
65.475,-13.3905,-24.3878,-1.45313,-274.685,-36.1124
65.5,-13.387,-24.4404,-1.45402,-274.939,-36.1106
65.525,-13.3834,-24.4931,-1.45492,-275.192,-36.1086
65.55,-13.3798,-24.5456,-1.45581,-275.445,-36.1064
65.575,-13.3762,-24.598,-1.45671,-275.699,-36.104
65.6,-13.3726,-24.6504,-1.4576,-275.953,-36.1013
65.625,-13.3689,-24.7027,-1.4585,-276.206,-36.0984
65.65,-13.3653,-24.7549,-1.4594,-276.46,-36.0953
65.675,-13.3616,-24.807,-1.46031,-276.713,-36.092
65.7,-13.3579,-24.859,-1.46121,-276.967,-36.0884
65.725,-13.3542,-24.911,-1.46211,-277.221,-36.0847
65.75,-13.3505,-24.9629,-1.46302,-277.474,-36.0807
65.775,-13.3468,-25.0148,-1.46393,-277.728,-36.0765
65.8,-13.343,-25.0666,-1.46484,-277.982,-36.072
65.825,-13.3392,-25.1183,-1.46575,-278.236,-36.0673
65.85,-13.3354,-25.1699,-1.46667,-278.49,-36.0624
65.875,-13.3316,-25.2215,-1.46758,-278.744,-36.0573
65.9,-13.3278,-25.273,-1.4685,-278.998,-36.052
65.925,-13.3239,-25.3245,-1.46942,-279.252,-36.0464
65.95,-13.32,-25.3759,-1.47035,-279.506,-36.0406
65.975,-13.3161,-25.4272,-1.47127,-279.76,-36.0346
66,-13.3122,-25.4786,-1.4722,-280.014,-36.0284
66.025,-13.3083,-25.5298,-1.47313,-280.268,-36.0219
66.05,-13.3043,-25.581,-1.47406,-280.522,-36.0152
66.075,-13.3003,-25.6322,-1.475,-280.776,-36.0083
66.1,-13.2963,-25.6833,-1.47594,-281.03,-36.0011
66.125,-13.2923,-25.7344,-1.47688,-281.284,-35.9938
66.15,-13.2883,-25.7854,-1.47782,-281.539,-35.9862
66.175,-13.2842,-25.8364,-1.47877,-281.793,-35.9784
66.2,-13.2801,-25.8874,-1.47972,-282.047,-35.9703
66.225,-13.276,-25.9384,-1.48067,-282.302,-35.9621
66.25,-13.2719,-25.9893,-1.48162,-282.556,-35.9536
66.275,-13.2677,-26.0402,-1.48258,-282.81,-35.9449
66.3,-13.2635,-26.091,-1.48354,-283.065,-35.9359
66.325,-13.2593,-26.1418,-1.48451,-283.319,-35.9268
66.35,-13.2551,-26.1927,-1.48547,-283.574,-35.9174
66.375,-13.2509,-26.2434,-1.48645,-283.828,-35.9078
66.4,-13.2466,-26.2942,-1.48742,-284.083,-35.898
66.425,-13.2423,-26.345,-1.4884,-284.337,-35.888
66.45,-13.238,-26.3957,-1.48938,-284.592,-35.8777
66.475,-13.2336,-26.4465,-1.49036,-284.847,-35.8673
66.5,-13.2293,-26.4972,-1.49135,-285.101,-35.8566
66.525,-13.2249,-26.548,-1.49234,-285.356,-35.8457
66.55,-13.2205,-26.5987,-1.49334,-285.611,-35.8346
66.575,-13.216,-26.6494,-1.49434,-285.866,-35.8233
66.6,-13.2116,-26.7001,-1.49534,-286.12,-35.8117
66.625,-13.2071,-26.7509,-1.49635,-286.375,-35.8
66.65,-13.2026,-26.8016,-1.49736,-286.63,-35.788
66.675,-13.198,-26.8524,-1.49838,-286.885,-35.7759
66.7,-13.1935,-26.9032,-1.4994,-287.14,-35.7635
66.725,-13.1889,-26.9539,-1.50042,-287.395,-35.7509
66.75,-13.1843,-27.0047,-1.50145,-287.65,-35.7381
66.775,-13.1796,-27.0556,-1.50249,-287.905,-35.7252
66.8,-13.175,-27.1064,-1.50352,-288.16,-35.712
66.825,-13.1703,-27.1573,-1.50457,-288.415,-35.6986
66.85,-13.1656,-27.2082,-1.50561,-288.67,-35.685
66.875,-13.1608,-27.2591,-1.50666,-288.925,-35.6712
66.9,-13.1561,-27.3101,-1.50772,-289.181,-35.6572
66.925,-13.1513,-27.3611,-1.50878,-289.436,-35.643
66.95,-13.1465,-27.4121,-1.50985,-289.691,-35.6287
66.975,-13.1416,-27.4632,-1.51092,-289.946,-35.6141
67,-13.1368,-27.5143,-1.51199,-290.202,-35.5994
67.025,-13.1319,-27.5654,-1.51307,-290.457,-35.5844
67.05,-13.1269,-27.6167,-1.51416,-290.712,-35.5693
67.075,-13.122,-27.6679,-1.51525,-290.968,-35.554
67.1,-13.117,-27.7192,-1.51635,-291.223,-35.5385
67.125,-13.112,-27.7706,-1.51745,-291.478,-35.5228
67.15,-13.107,-27.822,-1.51856,-291.734,-35.5069
67.175,-13.102,-27.8735,-1.51967,-291.989,-35.4909
67.2,-13.0969,-27.9251,-1.52079,-292.245,-35.4747
67.225,-13.0918,-27.9767,-1.52191,-292.5,-35.4583
67.25,-13.0866,-28.0284,-1.52304,-292.756,-35.4418
67.275,-13.0815,-28.0802,-1.52417,-293.011,-35.425
67.3,-13.0763,-28.132,-1.52531,-293.267,-35.4081
67.325,-13.0711,-28.1839,-1.52646,-293.523,-35.3911
67.35,-13.0659,-28.2359,-1.52761,-293.778,-35.3739
67.375,-13.0606,-28.288,-1.52877,-294.034,-35.3565
67.4,-13.0553,-28.3402,-1.52993,-294.29,-35.3389
67.425,-13.05,-28.3924,-1.5311,-294.545,-35.3212
67.45,-13.0447,-28.4448,-1.53228,-294.801,-35.3034
67.475,-13.0393,-28.4972,-1.53346,-295.057,-35.2854
67.5,-13.0339,-28.5498,-1.53465,-295.313,-35.2672
67.525,-13.0285,-28.6024,-1.53585,-295.569,-35.2489
67.55,-13.0231,-28.6551,-1.53705,-295.824,-35.2305
67.575,-13.0176,-28.708,-1.53825,-296.08,-35.2119
67.6,-13.0121,-28.7609,-1.53947,-296.336,-35.1931
67.625,-13.0066,-28.814,-1.54069,-296.592,-35.1742
67.65,-13.0011,-28.8672,-1.54192,-296.848,-35.1552
67.675,-12.9955,-28.9205,-1.54315,-297.104,-35.1361
67.7,-12.9899,-28.9739,-1.54439,-297.36,-35.1168
67.725,-12.9843,-29.0274,-1.54564,-297.616,-35.0974
67.75,-12.9786,-29.0811,-1.54689,-297.872,-35.0778
67.775,-12.973,-29.1348,-1.54815,-298.128,-35.0582
67.8,-12.9673,-29.1887,-1.54942,-298.384,-35.0384
67.825,-12.9616,-29.2428,-1.5507,-298.64,-35.0185
67.85,-12.9558,-29.2969,-1.55198,-298.896,-34.9985
67.875,-12.9501,-29.3512,-1.55327,-299.152,-34.9783
67.9,-12.9443,-29.4057,-1.55456,-299.408,-34.9581
67.925,-12.9385,-29.4603,-1.55587,-299.664,-34.9377
67.95,-12.9326,-29.515,-1.55718,-299.92,-34.9173
67.975,-12.9268,-29.5699,-1.55849,-300.177,-34.8967
68,-12.9209,-29.6249,-1.55982,-300.433,-34.876
68.025,-12.915,-29.6801,-1.56115,-300.689,-34.8552
68.05,-12.9091,-29.7354,-1.56249,-300.945,-34.8344
68.075,-12.9031,-29.7909,-1.56384,-301.201,-34.8134
68.1,-12.8971,-29.8466,-1.56519,-301.457,-34.7923
68.125,-12.8911,-29.9024,-1.56656,-301.714,-34.7712
68.15,-12.8851,-29.9583,-1.56793,-301.97,-34.75
68.175,-12.8791,-30.0145,-1.5693,-302.226,-34.7286
68.2,-12.873,-30.0708,-1.57069,-302.482,-34.7072
68.225,-12.8669,-30.1273,-1.57208,-302.739,-34.6858
68.25,-12.8608,-30.1839,-1.57348,-302.995,-34.6642
68.275,-12.8547,-30.2408,-1.57489,-303.251,-34.6426
68.3,-12.8485,-30.2978,-1.57631,-303.508,-34.6209
68.325,-12.8424,-30.355,-1.57773,-303.764,-34.5991
68.35,-12.8362,-30.4124,-1.57916,-304.02,-34.5772
68.375,-12.83,-30.4699,-1.5806,-304.276,-34.5553
68.4,-12.8237,-30.5277,-1.58205,-304.533,-34.5334
68.425,-12.8175,-30.5856,-1.5835,-304.789,-34.5114
68.45,-12.8112,-30.6438,-1.58497,-305.045,-34.4893
68.475,-12.8049,-30.7021,-1.58644,-305.302,-34.4671
68.5,-12.7986,-30.7606,-1.58792,-305.558,-34.445
68.525,-12.7923,-30.8193,-1.58941,-305.814,-34.4227
68.55,-12.7859,-30.8783,-1.5909,-306.071,-34.4005
68.575,-12.7796,-30.9374,-1.5924,-306.327,-34.3781
68.6,-12.7732,-30.9967,-1.59392,-306.583,-34.3558
68.625,-12.7668,-31.0563,-1.59544,-306.84,-34.3334
68.65,-12.7604,-31.116,-1.59696,-307.096,-34.3109
68.675,-12.754,-31.176,-1.5985,-307.352,-34.2885
68.7,-12.7475,-31.2362,-1.60005,-307.609,-34.266
68.725,-12.741,-31.2966,-1.6016,-307.865,-34.2435
68.75,-12.7346,-31.3572,-1.60316,-308.121,-34.2209
68.775,-12.7281,-31.418,-1.60473,-308.378,-34.1984
68.8,-12.7216,-31.4791,-1.60631,-308.634,-34.1758
68.825,-12.715,-31.5404,-1.60789,-308.89,-34.1532
68.85,-12.7085,-31.6019,-1.60948,-309.147,-34.1305
68.875,-12.702,-31.6636,-1.61109,-309.403,-34.1079
68.9,-12.6954,-31.7256,-1.6127,-309.659,-34.0853
68.925,-12.6888,-31.7878,-1.61432,-309.916,-34.0626
68.95,-12.6822,-31.8502,-1.61594,-310.172,-34.04
68.975,-12.6756,-31.9128,-1.61758,-310.428,-34.0173
69,-12.669,-31.9757,-1.61922,-310.684,-33.9947
69.025,-12.6624,-32.0389,-1.62087,-310.941,-33.972
69.05,-12.6557,-32.1022,-1.62253,-311.197,-33.9494
69.075,-12.6491,-32.1658,-1.6242,-311.453,-33.9268
69.1,-12.6424,-32.2297,-1.62588,-311.709,-33.9042
69.125,-12.6358,-32.2938,-1.62756,-311.965,-33.8816
69.15,-12.6291,-32.3581,-1.62925,-312.222,-33.859
69.175,-12.6224,-32.4227,-1.63095,-312.478,-33.8364
69.2,-12.6157,-32.4875,-1.63266,-312.734,-33.8139
69.225,-12.609,-32.5526,-1.63438,-312.99,-33.7913
69.25,-12.6023,-32.6179,-1.6361,-313.246,-33.7688
69.275,-12.5956,-32.6835,-1.63784,-313.502,-33.7464
69.3,-12.5889,-32.7493,-1.63958,-313.758,-33.7239
69.325,-12.5821,-32.8154,-1.64133,-314.014,-33.7015
69.35,-12.5754,-32.8817,-1.64308,-314.27,-33.6792
69.375,-12.5686,-32.9483,-1.64485,-314.527,-33.6568
69.4,-12.5619,-33.0151,-1.64662,-314.783,-33.6346
69.425,-12.5551,-33.0822,-1.6484,-315.038,-33.6123
69.45,-12.5484,-33.1496,-1.65019,-315.294,-33.5901
69.475,-12.5416,-33.2172,-1.65198,-315.55,-33.568
69.5,-12.5349,-33.2851,-1.65379,-315.806,-33.5459
69.525,-12.5281,-33.3532,-1.6556,-316.062,-33.5239
69.55,-12.5213,-33.4216,-1.65742,-316.318,-33.5019
69.575,-12.5145,-33.4902,-1.65924,-316.574,-33.48
69.6,-12.5078,-33.5591,-1.66108,-316.83,-33.4581
69.625,-12.501,-33.6283,-1.66292,-317.085,-33.4363
69.65,-12.4942,-33.6977,-1.66477,-317.341,-33.4146
69.675,-12.4875,-33.7674,-1.66662,-317.597,-33.3929
69.7,-12.4807,-33.8374,-1.66849,-317.852,-33.3713
69.725,-12.4739,-33.9076,-1.67036,-318.108,-33.3498
69.75,-12.4671,-33.978,-1.67223,-318.364,-33.3284
69.775,-12.4604,-34.0488,-1.67412,-318.619,-33.307
69.8,-12.4536,-34.1198,-1.67601,-318.875,-33.2857
69.825,-12.4469,-34.191,-1.67791,-319.13,-33.2645
69.85,-12.4401,-34.2626,-1.67981,-319.386,-33.2434
69.875,-12.4333,-34.3344,-1.68172,-319.641,-33.2224
69.9,-12.4266,-34.4064,-1.68364,-319.897,-33.2014
69.925,-12.4199,-34.4787,-1.68557,-320.152,-33.1806
69.95,-12.4131,-34.5513,-1.6875,-320.407,-33.1599
69.975,-12.4064,-34.6241,-1.68943,-320.663,-33.1392
70,-12.3997,-34.6972,-1.69138,-320.918,-33.1186
